order_id,uid,remaining,last_study,idle,is_frozen,tag,reason,month
713116805722370,3132171220,2,2026-06-27 16:00:00,3.0,0,Normal,"1-9, idle<=90",2026-07
734179551351046,3133512118,0,2026-06-26 21:00:00,4.0,0,Normal,"remaining=0, idle<=10",2026-07
716529992263938,3140692808,3,2026-06-28 17:30:00,2.0,0,Normal,"1-9, idle<=90",2026-07
714432460110080,3156820313,8,2026-06-28 19:00:00,2.0,0,Normal,"1-9, idle<=90",2026-07
697930392369412,3163955016,0,2026-06-22 21:30:00,8.0,0,Normal,"remaining=0, idle<=10",2026-07
732461215312134,3173010348,7,2026-06-02 20:30:00,28.0,1,Frozen,"1-9, idle<=90",2026-07
446988911577346,3176439817,5,2026-06-25 21:00:00,5.0,0,Normal,"1-9, idle<=90",2026-07
682893184741634,3178245726,7,2026-06-25 17:30:00,5.0,0,Normal,"1-9, idle<=90",2026-07
727002263904520,3178761578,5,2026-06-28 22:30:00,2.0,0,Normal,"1-9, idle<=90",2026-07
714531170832642,3179480477,0,2026-06-24 10:30:00,6.0,0,Normal,"remaining=0, idle<=10",2026-07
679911928602882,3180650108,2,2026-06-17 21:30:00,13.0,0,Normal,"1-9, idle<=90",2026-07
736127701649670,3181190492,0,2026-06-22 20:30:00,8.0,0,Normal,"remaining=0, idle<=10",2026-07
710820819595524,3188370644,9,2026-06-19 21:00:00,11.0,0,Normal,"1-9, idle<=90",2026-07
706388452440322,3202960680,0,2026-06-21 11:00:00,9.0,0,Normal,"remaining=0, idle<=10",2026-07
657994570400002,3203806220,0,2026-06-20 16:00:00,10.0,0,Normal,"remaining=0, idle<=10",2026-07
714532661420292,3204773634,5,2026-06-28 21:30:00,2.0,0,Normal,"1-9, idle<=90",2026-07
738958709145864,3214076575,0,2026-06-23 21:30:00,7.0,0,Normal,"remaining=0, idle<=10",2026-07
718465812023554,3222914113,7,2026-06-28 10:00:00,2.0,0,Normal,"1-9, idle<=90",2026-07
725911811776774,3224000449,7,2026-06-24 21:30:00,6.0,0,Normal,"1-9, idle<=90",2026-07
682737337880836,3228057006,0,2026-06-25 22:30:00,5.0,0,Normal,"remaining=0, idle<=10",2026-07
710342773823744,3229396308,0,2026-06-24 22:00:00,6.0,0,Normal,"remaining=0, idle<=10",2026-07
736528649877768,3229577783,9,2026-06-28 08:30:00,2.0,0,Normal,"1-9, idle<=90",2026-07
671975642306820,3233660633,5,2026-06-25 21:30:00,5.0,0,Normal,"1-9, idle<=90",2026-07
746267413799174,3234842713,8,2026-06-26 14:00:00,4.0,0,Normal,"1-9, idle<=90",2026-07
716515903267074,3237664271,0,2026-06-28 22:00:00,2.0,0,Normal,"remaining=0, idle<=10",2026-07
718992096073986,3240749673,9,2026-06-24 20:30:00,6.0,0,Normal,"1-9, idle<=90",2026-07
675141153771778,3240802159,6,2026-06-28 18:00:00,2.0,0,Normal,"1-9, idle<=90",2026-07
681143276654848,3242973368,8,2026-06-26 22:00:00,4.0,0,Normal,"1-9, idle<=90",2026-07
723741806690560,3243085448,8,2026-06-26 22:30:00,4.0,0,Normal,"1-9, idle<=90",2026-07
686625386699012,3244990929,2,2026-06-26 18:00:00,4.0,0,Normal,"1-9, idle<=90",2026-07
703571648164096,3246085670,1,2026-06-25 15:00:00,5.0,0,Normal,"1-9, idle<=90",2026-07
689814326878468,3248424059,7,2026-06-28 17:30:00,2.0,0,Normal,"1-9, idle<=90",2026-07
739480059126018,3249821975,5,2026-06-26 17:00:00,4.0,0,Normal,"1-9, idle<=90",2026-07
706388099610880,3250889338,8,2026-06-25 21:00:00,5.0,0,Normal,"1-9, idle<=90",2026-07
567699403368720,3251239708,1,2026-05-16 20:30:00,45.0,0,Normal,"1-9, idle<=90",2026-07
644815555637504,3252086725,2,2026-06-28 14:00:00,2.0,0,Normal,"1-9, idle<=90",2026-07
668039184275716,3252674365,1,2026-06-27 13:00:00,3.0,0,Normal,"1-9, idle<=90",2026-07
677374109131012,3253706279,0,2026-06-26 11:00:00,4.0,0,Normal,"remaining=0, idle<=10",2026-07
651038692976896,3254095476,4,2026-06-25 19:00:00,5.0,0,Normal,"1-9, idle<=90",2026-07
719713685018884,3256002283,9,2026-06-28 18:00:00,2.0,0,Normal,"1-9, idle<=90",2026-07
608579152152832,3257956424,2,2026-06-25 19:30:00,5.0,0,Normal,"1-9, idle<=90",2026-07
682894383026432,3258278058,1,2026-06-25 17:30:00,5.0,0,Normal,"1-9, idle<=90",2026-07
731693510969608,3259143566,6,2026-06-25 21:00:00,5.0,0,Normal,"1-9, idle<=90",2026-07
703050677551360,3261260978,4,2026-05-12 21:00:00,49.0,1,Frozen,"1-9, idle<=90",2026-07
647503220316428,3265380817,1,2026-04-30 21:00:00,61.0,0,Normal,"1-9, idle<=90",2026-07
678134455906562,3265638704,8,2026-06-28 21:00:00,2.0,0,Normal,"1-9, idle<=90",2026-07
707095334658306,3267078720,0,2026-06-21 21:30:00,9.0,0,Normal,"remaining=0, idle<=10",2026-07
711256480897282,3267114927,1,2026-06-26 11:00:00,4.0,0,Normal,"1-9, idle<=90",2026-07
711256611694852,3267142309,3,2026-06-26 11:30:00,4.0,0,Normal,"1-9, idle<=90",2026-07
732588369484034,3267279341,0,2026-06-24 19:00:00,6.0,0,Normal,"remaining=0, idle<=10",2026-07
739143941384450,3267937800,4,2026-06-26 22:00:00,4.0,0,Normal,"1-9, idle<=90",2026-07
735928499597574,3268229691,4,2026-06-28 20:00:00,2.0,0,Normal,"1-9, idle<=90",2026-07
676726999396608,3268248785,0,2026-06-25 21:30:00,5.0,0,Normal,"remaining=0, idle<=10",2026-07
711402215270658,3269368447,1,2026-05-23 21:00:00,38.0,0,Normal,"1-9, idle<=90",2026-07
717597676323074,3269395550,6,2026-06-09 21:30:00,21.0,0,Normal,"1-9, idle<=90",2026-07
639502375264512,3269443823,2,2026-06-24 20:30:00,6.0,0,Normal,"1-9, idle<=90",2026-07
622343526236428,3269921022,0,2026-06-27 16:30:00,3.0,0,Normal,"remaining=0, idle<=10",2026-07
712946005219586,3270437869,4,2026-06-28 11:00:00,2.0,0,Normal,"1-9, idle<=90",2026-07
700760914366724,3270668440,1,2026-06-28 19:00:00,2.0,0,Normal,"1-9, idle<=90",2026-07
673211337994500,3270709519,2,2026-06-24 11:00:00,6.0,0,Normal,"1-9, idle<=90",2026-07
707987003257090,3270901429,5,2026-06-28 18:30:00,2.0,0,Normal,"1-9, idle<=90",2026-07
718119856994562,3271288926,4,2026-06-26 21:00:00,4.0,0,Normal,"1-9, idle<=90",2026-07
720373649807616,3271296537,8,2026-06-26 20:00:00,4.0,0,Normal,"1-9, idle<=90",2026-07
711557219240196,3271329747,2,2026-06-27 11:00:00,3.0,0,Normal,"1-9, idle<=90",2026-07
711907278577920,3271497741,2,2026-06-24 19:00:00,6.0,0,Normal,"1-9, idle<=90",2026-07
704630223040770,3271707881,0,2026-06-21 10:00:00,9.0,0,Normal,"remaining=0, idle<=10",2026-07
679208317245696,3272071895,5,2026-06-28 13:00:00,2.0,0,Normal,"1-9, idle<=90",2026-07
686930138069252,3272096147,0,2026-06-23 17:30:00,7.0,0,Normal,"remaining=0, idle<=10",2026-07
722580569082116,3272412614,7,2026-06-25 21:30:00,5.0,0,Normal,"1-9, idle<=90",2026-07
704630320077056,3272486650,4,2026-06-28 08:00:00,2.0,0,Normal,"1-9, idle<=90",2026-07
630170303549712,3272575091,5,2026-06-28 16:30:00,2.0,0,Normal,"1-9, idle<=90",2026-07
718101859459330,3272590631,0,2026-06-24 21:30:00,6.0,0,Normal,"remaining=0, idle<=10",2026-07
676888269320452,3272890138,6,2026-06-25 22:00:00,5.0,0,Normal,"1-9, idle<=90",2026-07
717775114633476,3272920683,3,2026-06-25 21:30:00,5.0,0,Normal,"1-9, idle<=90",2026-07
682851571929346,3272929370,0,2026-06-25 10:00:00,5.0,0,Normal,"remaining=0, idle<=10",2026-07
689627681050880,3272929420,2,2026-06-23 21:00:00,7.0,0,Normal,"1-9, idle<=90",2026-07
683255786483970,3273111368,7,2026-06-26 20:30:00,4.0,0,Normal,"1-9, idle<=90",2026-07
719172290562306,3273505230,9,2026-06-28 14:30:00,2.0,0,Normal,"1-9, idle<=90",2026-07
675951740602626,3273518235,1,2026-04-16 21:00:00,75.0,1,Frozen,"1-9, idle<=90",2026-07
720591059345666,3273790766,7,2026-06-26 22:00:00,4.0,0,Normal,"1-9, idle<=90",2026-07
739890884770050,3274580732,9,2026-06-27 20:00:00,3.0,0,Normal,"1-9, idle<=90",2026-07
682856327078146,3274707806,5,2026-06-27 18:00:00,3.0,0,Normal,"1-9, idle<=90",2026-07
671894045606148,3274736836,6,2026-06-28 18:00:00,2.0,0,Normal,"1-9, idle<=90",2026-07
714572209094912,3274746023,7,2026-06-27 20:30:00,3.0,0,Normal,"1-9, idle<=90",2026-07
708496189540612,3275090894,0,2026-06-21 21:00:00,9.0,0,Normal,"remaining=0, idle<=10",2026-07
702152616638720,3275331502,7,2026-05-26 21:30:00,35.0,1,Frozen,"1-9, idle<=90",2026-07
676399637403906,3275771736,9,2026-06-28 19:00:00,2.0,0,Normal,"1-9, idle<=90",2026-07
670842735554818,3275800925,0,2026-06-25 20:00:00,5.0,0,Normal,"remaining=0, idle<=10",2026-07
733681359560968,3276193157,7,2026-06-24 22:00:00,6.0,0,Normal,"1-9, idle<=90",2026-07
720544253716738,3276647231,9,2026-06-24 21:00:00,6.0,0,Normal,"1-9, idle<=90",2026-07
631556031684876,3276884445,0,2026-06-27 19:00:00,3.0,0,Normal,"remaining=0, idle<=10",2026-07
688703208067332,3277219824,0,2026-06-23 19:00:00,7.0,0,Normal,"remaining=0, idle<=10",2026-07
717938849122564,3277261157,5,2026-06-27 12:00:00,3.0,0,Normal,"1-9, idle<=90",2026-07
715780242772228,3277643106,8,2026-06-28 11:30:00,2.0,0,Normal,"1-9, idle<=90",2026-07
676666629888260,3277646782,1,2026-06-25 16:00:00,5.0,0,Normal,"1-9, idle<=90",2026-07
638840762284288,3277994545,1,2026-05-15 21:30:00,46.0,1,Frozen,"1-9, idle<=90",2026-07
715123474927876,3278062334,1,2026-06-28 10:30:00,2.0,0,Normal,"1-9, idle<=90",2026-07
720019545340164,3278069289,1,2026-06-27 15:30:00,3.0,0,Normal,"1-9, idle<=90",2026-07
740371413803266,3278782166,6,2026-06-24 20:00:00,6.0,0,Normal,"1-9, idle<=90",2026-07
715096065691904,3279310885,1,2026-04-16 20:30:00,75.0,1,Frozen,"1-9, idle<=90",2026-07
709753212059908,3279554839,7,2026-06-24 21:30:00,6.0,0,Normal,"1-9, idle<=90",2026-07
663575981709572,3279638582,0,2026-06-28 09:00:00,2.0,0,Normal,"remaining=0, idle<=10",2026-07
684798757513474,3279835574,6,2026-06-07 15:00:00,23.0,1,Frozen,"1-9, idle<=90",2026-07
693505267556610,3280045845,8,2026-06-27 17:30:00,3.0,0,Normal,"1-9, idle<=90",2026-07
721627036467456,3280098840,6,2026-06-25 22:00:00,5.0,0,Normal,"1-9, idle<=90",2026-07
680120398981376,3280106267,0,2026-06-22 22:00:00,8.0,0,Normal,"remaining=0, idle<=10",2026-07
715801845911810,3280232404,6,2026-06-24 10:30:00,6.0,0,Normal,"1-9, idle<=90",2026-07
699194061906180,3280505138,8,2026-06-25 23:00:00,5.0,0,Normal,"1-9, idle<=90",2026-07
680120601295106,3280549378,3,2026-06-26 20:30:00,4.0,0,Normal,"1-9, idle<=90",2026-07
726976496212230,3280556541,5,2026-06-27 21:30:00,3.0,0,Normal,"1-9, idle<=90",2026-07
675609730138372,3280611304,6,2026-06-25 16:00:00,5.0,0,Normal,"1-9, idle<=90",2026-07
721478741268740,3280639824,7,2026-06-28 21:30:00,2.0,0,Normal,"1-9, idle<=90",2026-07
715640579266816,3280648395,3,2026-06-09 20:00:00,21.0,0,Normal,"1-9, idle<=90",2026-07
736513007745286,3280656292,1,2026-06-27 16:30:00,3.0,0,Normal,"1-9, idle<=90",2026-07
738822628028674,3280934482,8,2026-06-25 22:00:00,5.0,0,Normal,"1-9, idle<=90",2026-07
679714675284224,3281118174,7,2026-06-25 17:00:00,5.0,0,Normal,"1-9, idle<=90",2026-07
674542425260288,3281291722,7,2026-06-25 15:30:00,5.0,0,Normal,"1-9, idle<=90",2026-07
714176776917250,3281659748,4,2026-06-25 17:00:00,5.0,0,Normal,"1-9, idle<=90",2026-07
710851148636420,3281928685,6,2026-06-26 15:00:00,4.0,0,Normal,"1-9, idle<=90",2026-07
715767142246658,3282219980,2,2026-06-23 20:00:00,7.0,0,Normal,"1-9, idle<=90",2026-07
686226211813632,3282221942,2,2026-06-24 19:30:00,6.0,0,Normal,"1-9, idle<=90",2026-07
679173709052164,3282343032,3,2026-06-18 21:30:00,12.0,0,Normal,"1-9, idle<=90",2026-07
722878659995906,3282495462,9,2026-06-25 21:30:00,5.0,0,Normal,"1-9, idle<=90",2026-07
651907766368528,3282511431,0,2026-06-26 15:00:00,4.0,0,Normal,"remaining=0, idle<=10",2026-07
681837550596352,3282690948,4,2026-06-26 15:00:00,4.0,0,Normal,"1-9, idle<=90",2026-07
714217516687620,3282774978,5,2026-06-23 20:30:00,7.0,0,Normal,"1-9, idle<=90",2026-07
676016684015876,3282831129,5,2026-06-26 20:00:00,4.0,0,Normal,"1-9, idle<=90",2026-07
741623915804934,3282937437,6,2026-06-26 10:30:00,4.0,0,Normal,"1-9, idle<=90",2026-07
716893444462848,3282957141,0,2026-06-27 21:30:00,3.0,0,Normal,"remaining=0, idle<=10",2026-07
654901849190660,3283110372,2,2026-04-27 22:30:00,64.0,1,Frozen,"1-9, idle<=90",2026-07
718953069250820,3284085117,6,2026-06-11 21:30:00,19.0,1,Frozen,"1-9, idle<=90",2026-07
687366920634628,3284371830,4,2026-06-25 21:00:00,5.0,0,Normal,"1-9, idle<=90",2026-07
711342459795712,3284867326,7,2026-06-28 20:00:00,2.0,0,Normal,"1-9, idle<=90",2026-07
664852596031748,3285619266,2,2026-06-25 21:00:00,5.0,0,Normal,"1-9, idle<=90",2026-07
674724553543940,3285625755,8,2026-06-26 21:00:00,4.0,0,Normal,"1-9, idle<=90",2026-07
705370384130308,3285843675,4,2026-06-25 18:00:00,5.0,0,Normal,"1-9, idle<=90",2026-07
717027674349828,3286097640,5,2026-05-07 21:30:00,54.0,1,Frozen,"1-9, idle<=90",2026-07
735767325335814,3286147483,3,2026-06-27 20:30:00,3.0,0,Normal,"1-9, idle<=90",2026-07
712778675970308,3286155036,9,2026-06-27 00:30:00,3.0,0,Normal,"1-9, idle<=90",2026-07
671040537710852,3286190777,0,2026-06-24 23:30:00,6.0,0,Normal,"remaining=0, idle<=10",2026-07
689083118420224,3286246326,9,2026-06-28 21:30:00,2.0,0,Normal,"1-9, idle<=90",2026-07
732062901158152,3286955610,9,2026-06-27 09:30:00,3.0,0,Normal,"1-9, idle<=90",2026-07
668042502267140,3286957663,4,2026-06-23 18:30:00,7.0,0,Normal,"1-9, idle<=90",2026-07
718261173600512,3287055576,2,2026-06-28 18:00:00,2.0,0,Normal,"1-9, idle<=90",2026-07
681262172600580,3287101031,8,2026-06-26 19:00:00,4.0,0,Normal,"1-9, idle<=90",2026-07
737360953716994,3287309485,2,2026-06-26 20:00:00,4.0,0,Normal,"1-9, idle<=90",2026-07
677213758687492,3287417618,0,2026-06-20 07:00:00,10.0,0,Normal,"remaining=0, idle<=10",2026-07
669333440588036,3287647161,0,2026-06-26 21:30:00,4.0,0,Normal,"remaining=0, idle<=10",2026-07
736665430784264,3287852304,4,2026-06-25 19:30:00,5.0,0,Normal,"1-9, idle<=90",2026-07
670470213241088,3287870766,0,2026-06-26 16:30:00,4.0,0,Normal,"remaining=0, idle<=10",2026-07
672060181500162,3287911169,3,2026-06-03 18:30:00,27.0,1,Frozen,"1-9, idle<=90",2026-07
672120177250562,3288099523,4,2026-06-23 19:30:00,7.0,0,Normal,"1-9, idle<=90",2026-07
672120604186880,3288100988,4,2026-06-24 18:30:00,6.0,0,Normal,"1-9, idle<=90",2026-07
711353150081282,3288423666,7,2026-06-25 19:00:00,5.0,0,Normal,"1-9, idle<=90",2026-07
711351969308932,3288426650,6,2026-06-25 20:00:00,5.0,0,Normal,"1-9, idle<=90",2026-07
738614984968456,3288436889,7,2026-06-25 10:00:00,5.0,0,Normal,"1-9, idle<=90",2026-07
739699419201798,3288458773,4,2026-06-27 19:00:00,3.0,0,Normal,"1-9, idle<=90",2026-07
672964767604996,3288468962,2,2026-05-21 21:30:00,40.0,0,Normal,"1-9, idle<=90",2026-07
681623785795844,3288567092,0,2026-06-27 10:30:00,3.0,0,Normal,"remaining=0, idle<=10",2026-07
699565081790720,3288584783,8,2026-06-27 14:30:00,3.0,0,Normal,"1-9, idle<=90",2026-07
672602232234244,3288620921,2,2026-06-27 21:00:00,3.0,0,Normal,"1-9, idle<=90",2026-07
723768525451522,3288763120,7,2026-06-26 21:00:00,4.0,0,Normal,"1-9, idle<=90",2026-07
712983061942528,3288855755,5,2026-05-14 21:00:00,47.0,1,Frozen,"1-9, idle<=90",2026-07
673718419515652,3289029181,7,2026-06-26 20:00:00,4.0,0,Normal,"1-9, idle<=90",2026-07
699705864143104,3289130369,5,2026-06-21 22:00:00,9.0,0,Normal,"1-9, idle<=90",2026-07
673896411605248,3289185685,1,2026-06-24 21:00:00,6.0,0,Normal,"1-9, idle<=90",2026-07
720900268079364,3289258932,6,2026-06-27 12:00:00,3.0,0,Normal,"1-9, idle<=90",2026-07
715838476138754,3289261930,1,2026-06-26 16:00:00,4.0,0,Normal,"1-9, idle<=90",2026-07
674724056580352,3289461319,0,2026-06-24 23:00:00,6.0,0,Normal,"remaining=0, idle<=10",2026-07
680041876187394,3289462086,0,2026-06-20 21:30:00,10.0,0,Normal,"remaining=0, idle<=10",2026-07
709220200145152,3289462523,9,2026-06-28 22:00:00,2.0,0,Normal,"1-9, idle<=90",2026-07
715113598671104,3289595244,3,2026-06-25 20:30:00,5.0,0,Normal,"1-9, idle<=90",2026-07
713869181237504,3289639632,4,2026-06-04 16:30:00,26.0,1,Frozen,"1-9, idle<=90",2026-07
699675743369474,3289704600,1,2026-06-25 21:30:00,5.0,0,Normal,"1-9, idle<=90",2026-07
712255931664642,3289968281,0,2026-06-28 13:30:00,2.0,0,Normal,"remaining=0, idle<=10",2026-07
677772500455684,3290064186,1,2026-06-17 13:30:00,13.0,0,Normal,"1-9, idle<=90",2026-07
715060893208832,3290484236,2,2026-06-28 21:30:00,2.0,0,Normal,"1-9, idle<=90",2026-07
683223322413312,3290484780,0,2026-06-23 21:30:00,7.0,0,Normal,"remaining=0, idle<=10",2026-07
723906085058818,3290584722,5,2026-06-28 13:00:00,2.0,0,Normal,"1-9, idle<=90",2026-07
738859358978306,3290678182,4,2026-06-28 18:00:00,2.0,0,Normal,"1-9, idle<=90",2026-07
740046989013256,3290760697,9,2026-06-26 21:00:00,4.0,0,Normal,"1-9, idle<=90",2026-07
681869796530434,3290875105,4,2026-06-25 20:30:00,5.0,0,Normal,"1-9, idle<=90",2026-07
680034545891584,3290888993,5,2026-05-06 21:00:00,55.0,1,Frozen,"1-9, idle<=90",2026-07
719717258416384,3291018022,1,2026-06-25 18:30:00,5.0,0,Normal,"1-9, idle<=90",2026-07
692297967730946,3291166330,7,2026-06-24 19:30:00,6.0,0,Normal,"1-9, idle<=90",2026-07
681262751025408,3291176068,0,2026-06-24 17:30:00,6.0,0,Normal,"remaining=0, idle<=10",2026-07
679896218110208,3291278677,2,2026-06-28 16:30:00,2.0,0,Normal,"1-9, idle<=90",2026-07
683229678688514,3291426047,0,2026-06-26 19:00:00,4.0,0,Normal,"remaining=0, idle<=10",2026-07
720544044605698,3291466049,9,2026-06-27 21:30:00,3.0,0,Normal,"1-9, idle<=90",2026-07
681318243387648,3291552346,3,2026-05-21 17:30:00,40.0,1,Frozen,"1-9, idle<=90",2026-07
680958427406596,3291680094,5,2026-06-17 19:00:00,13.0,0,Normal,"1-9, idle<=90",2026-07
687985251928322,3291730947,8,2026-06-28 12:00:00,2.0,0,Normal,"1-9, idle<=90",2026-07
720594858092804,3291731023,3,2026-06-27 14:30:00,3.0,0,Normal,"1-9, idle<=90",2026-07
710677467175170,3291731352,0,2026-06-26 21:30:00,4.0,0,Normal,"remaining=0, idle<=10",2026-07
718776315584772,3291885216,6,2026-06-27 18:30:00,3.0,0,Normal,"1-9, idle<=90",2026-07
711564322920704,3291902850,1,2026-06-28 21:00:00,2.0,0,Normal,"1-9, idle<=90",2026-07
684094503207170,3291967127,0,2026-06-24 10:00:00,6.0,0,Normal,"remaining=0, idle<=10",2026-07
715625619732738,3292010982,8,2026-06-25 21:00:00,5.0,0,Normal,"1-9, idle<=90",2026-07
694805367202048,3292090574,3,2026-06-24 15:30:00,6.0,0,Normal,"1-9, idle<=90",2026-07
687824963389700,3292099126,8,2026-06-28 10:30:00,2.0,0,Normal,"1-9, idle<=90",2026-07
736295605864710,3292166877,3,2026-06-28 16:30:00,2.0,0,Normal,"1-9, idle<=90",2026-07
710813153800448,3292275686,0,2026-06-25 18:00:00,5.0,0,Normal,"remaining=0, idle<=10",2026-07
686970442144000,3292345887,0,2026-06-27 13:30:00,3.0,0,Normal,"remaining=0, idle<=10",2026-07
736202194450696,3292492988,8,2026-06-09 20:00:00,21.0,1,Frozen,"1-9, idle<=90",2026-07
683563432163586,3292493362,9,2026-06-28 16:00:00,2.0,0,Normal,"1-9, idle<=90",2026-07
715056621441280,3292493514,6,2026-06-25 17:00:00,5.0,0,Normal,"1-9, idle<=90",2026-07
720014511409408,3292494098,4,2026-06-28 21:30:00,2.0,0,Normal,"1-9, idle<=90",2026-07
717539906273540,3292516705,7,2026-06-28 21:00:00,2.0,0,Normal,"1-9, idle<=90",2026-07
721430170458370,3292531727,9,2026-06-25 19:00:00,5.0,0,Normal,"1-9, idle<=90",2026-07
715949516978436,3292615210,8,2026-06-28 10:30:00,2.0,0,Normal,"1-9, idle<=90",2026-07
720374311508226,3292691505,2,2026-06-28 10:00:00,2.0,0,Normal,"1-9, idle<=90",2026-07
715324101712130,3292692483,4,2026-06-25 11:30:00,5.0,0,Normal,"1-9, idle<=90",2026-07
684511465611524,3292704754,0,2026-06-21 16:30:00,9.0,0,Normal,"remaining=0, idle<=10",2026-07
684669604268288,3292787673,7,2026-05-23 17:00:00,38.0,0,Normal,"1-9, idle<=90",2026-07
685367868965120,3292825415,7,2026-06-26 19:30:00,4.0,0,Normal,"1-9, idle<=90",2026-07
684799038982400,3292857043,9,2026-06-26 20:00:00,4.0,0,Normal,"1-9, idle<=90",2026-07
684858445144322,3292956755,1,2026-06-26 21:00:00,4.0,0,Normal,"1-9, idle<=90",2026-07
688350294896896,3292986313,3,2026-06-28 19:00:00,2.0,0,Normal,"1-9, idle<=90",2026-07
737748715917576,3293000085,7,2026-06-24 20:00:00,6.0,0,Normal,"1-9, idle<=90",2026-07
684799132903684,3293023772,6,2026-06-25 20:00:00,5.0,0,Normal,"1-9, idle<=90",2026-07
687157135839492,3293161899,8,2026-06-20 12:30:00,10.0,0,Normal,"1-9, idle<=90",2026-07
689082759051520,3293187511,4,2026-06-27 18:30:00,3.0,0,Normal,"1-9, idle<=90",2026-07
690728613140740,3293189291,4,2026-06-16 21:30:00,14.0,0,Normal,"1-9, idle<=90",2026-07
720916659755266,3293209253,9,2026-06-27 10:30:00,3.0,0,Normal,"1-9, idle<=90",2026-07
685884844675328,3293299426,4,2026-06-25 22:00:00,5.0,0,Normal,"1-9, idle<=90",2026-07
739019650578690,3293317157,9,2026-06-26 21:00:00,4.0,0,Normal,"1-9, idle<=90",2026-07
718867704576260,3293319964,5,2026-06-24 19:30:00,6.0,0,Normal,"1-9, idle<=90",2026-07
718508068784386,3293324813,2,2026-06-24 14:30:00,6.0,0,Normal,"1-9, idle<=90",2026-07
720367691026690,3293471050,8,2026-06-26 20:30:00,4.0,0,Normal,"1-9, idle<=90",2026-07
687830552244482,3293473126,0,2026-06-28 12:00:00,2.0,0,Normal,"remaining=0, idle<=10",2026-07
732404032203010,3293570362,3,2026-06-26 20:00:00,4.0,0,Normal,"1-9, idle<=90",2026-07
723947670896896,3293571916,6,2026-06-24 18:30:00,6.0,0,Normal,"1-9, idle<=90",2026-07
687286348857600,3293621320,7,2026-06-25 21:30:00,5.0,0,Normal,"1-9, idle<=90",2026-07
717713069639940,3293655347,6,2026-06-26 21:30:00,4.0,0,Normal,"1-9, idle<=90",2026-07
688341379307780,3293672038,4,2026-06-25 12:30:00,5.0,0,Normal,"1-9, idle<=90",2026-07
721485330757892,3293700563,7,2026-06-25 21:30:00,5.0,0,Normal,"1-9, idle<=90",2026-07
716695573784836,3293701349,7,2026-06-27 21:30:00,3.0,0,Normal,"1-9, idle<=90",2026-07
688341779603712,3293760789,2,2026-06-20 22:30:00,10.0,0,Normal,"1-9, idle<=90",2026-07
687815890641152,3293861327,9,2026-06-27 21:30:00,3.0,0,Normal,"1-9, idle<=90",2026-07
725001853419778,3293985194,6,2026-06-28 21:30:00,2.0,0,Normal,"1-9, idle<=90",2026-07
740047329728770,3293995525,4,2026-06-28 20:30:00,2.0,0,Normal,"1-9, idle<=90",2026-07
689231514835200,3294034878,0,2026-06-25 19:30:00,5.0,0,Normal,"remaining=0, idle<=10",2026-07
722495366254848,3294103097,8,2026-06-28 20:30:00,2.0,0,Normal,"1-9, idle<=90",2026-07
689105393604866,3294322330,9,2026-06-26 19:00:00,4.0,0,Normal,"1-9, idle<=90",2026-07
719128732915968,3294323461,5,2026-06-28 20:00:00,2.0,0,Normal,"1-9, idle<=90",2026-07
708341510373636,3294332680,0,2026-06-27 21:30:00,3.0,0,Normal,"remaining=0, idle<=10",2026-07
716828609280256,3294504191,8,2026-06-25 21:30:00,5.0,0,Normal,"1-9, idle<=90",2026-07
689797597098240,3294551256,0,2026-06-24 21:30:00,6.0,0,Normal,"remaining=0, idle<=10",2026-07
690515621767426,3294602040,9,2026-06-28 21:30:00,2.0,0,Normal,"1-9, idle<=90",2026-07
690499999222016,3294668027,4,2026-06-28 22:00:00,2.0,0,Normal,"1-9, idle<=90",2026-07
689801732634880,3294671583,8,2026-06-28 22:30:00,2.0,0,Normal,"1-9, idle<=90",2026-07
704151223286020,3294704007,1,2026-06-25 21:00:00,5.0,0,Normal,"1-9, idle<=90",2026-07
691029234608388,3294705058,8,2026-06-26 20:30:00,4.0,0,Normal,"1-9, idle<=90",2026-07
713839086678272,3294757730,8,2026-06-28 04:00:00,2.0,0,Normal,"1-9, idle<=90",2026-07
709394840367362,3294878060,5,2026-06-25 18:30:00,5.0,0,Normal,"1-9, idle<=90",2026-07
719304737280260,3294892687,9,2026-05-25 21:30:00,36.0,0,Normal,"1-9, idle<=90",2026-07
702583372660992,3294905141,1,2026-06-28 20:00:00,2.0,0,Normal,"1-9, idle<=90",2026-07
716160160301312,3294942997,2,2026-06-26 21:30:00,4.0,0,Normal,"1-9, idle<=90",2026-07
723951561724160,3294998094,0,2026-06-23 21:00:00,7.0,0,Normal,"remaining=0, idle<=10",2026-07
691967996004608,3294999386,9,2026-06-27 10:00:00,3.0,0,Normal,"1-9, idle<=90",2026-07
723423126173954,3295331359,7,2026-06-28 19:00:00,2.0,0,Normal,"1-9, idle<=90",2026-07
691915009941764,3295348006,9,2026-06-27 18:30:00,3.0,0,Normal,"1-9, idle<=90",2026-07
712821516366080,3295449920,1,2026-04-25 16:00:00,66.0,0,Normal,"1-9, idle<=90",2026-07
735102576296200,3295515991,4,2026-06-26 20:30:00,4.0,0,Normal,"1-9, idle<=90",2026-07
702379322585348,3295628518,0,2026-06-25 19:00:00,5.0,0,Normal,"remaining=0, idle<=10",2026-07
715952167336192,3295681766,7,2026-06-24 22:00:00,6.0,0,Normal,"1-9, idle<=90",2026-07
699667406682370,3295817303,0,2026-06-21 22:00:00,9.0,0,Normal,"remaining=0, idle<=10",2026-07
693866346584320,3295926829,8,2026-06-28 13:00:00,2.0,0,Normal,"1-9, idle<=90",2026-07
718808527157506,3296125902,0,2026-06-22 21:30:00,8.0,0,Normal,"remaining=0, idle<=10",2026-07
722847177160962,3296193295,8,2026-06-25 20:30:00,5.0,0,Normal,"1-9, idle<=90",2026-07
694717677123844,3296262065,4,2026-06-16 18:00:00,14.0,0,Normal,"1-9, idle<=90",2026-07
722723907102980,3296287280,6,2026-06-26 21:30:00,4.0,0,Normal,"1-9, idle<=90",2026-07
722546721325312,3296300714,7,2026-06-26 23:00:00,4.0,0,Normal,"1-9, idle<=90",2026-07
698111057514752,3296354721,2,2026-06-24 21:00:00,6.0,0,Normal,"1-9, idle<=90",2026-07
696487718091008,3296411096,8,2026-06-26 17:30:00,4.0,0,Normal,"1-9, idle<=90",2026-07
707981652318464,3296473040,5,2026-06-25 16:30:00,5.0,0,Normal,"1-9, idle<=90",2026-07
727462547419400,3296478570,8,2026-06-24 15:30:00,6.0,0,Normal,"1-9, idle<=90",2026-07
713475511376128,3296521383,0,2026-06-25 21:00:00,5.0,0,Normal,"remaining=0, idle<=10",2026-07
695622934878468,3296537214,6,2026-06-27 17:00:00,3.0,0,Normal,"1-9, idle<=90",2026-07
727462687457544,3296542892,5,2026-06-27 17:00:00,3.0,0,Normal,"1-9, idle<=90",2026-07
730873830064390,3296633320,7,2026-06-28 11:00:00,2.0,0,Normal,"1-9, idle<=90",2026-07
730873676949768,3296639092,5,2026-06-28 11:00:00,2.0,0,Normal,"1-9, idle<=90",2026-07
718296449239298,3296816391,2,2026-06-28 16:30:00,2.0,0,Normal,"1-9, idle<=90",2026-07
748505856985352,3296850348,2,2026-06-26 22:30:00,4.0,0,Normal,"1-9, idle<=90",2026-07
715504387883264,3296878639,0,2026-06-27 09:00:00,3.0,0,Normal,"remaining=0, idle<=10",2026-07
697056364931330,3296890570,8,2026-05-23 19:00:00,38.0,1,Frozen,"1-9, idle<=90",2026-07
706633373153540,3297101685,3,2026-06-26 19:30:00,4.0,0,Normal,"1-9, idle<=90",2026-07
739356902478086,3297221607,9,2026-06-28 19:30:00,2.0,0,Normal,"1-9, idle<=90",2026-07
698476196354304,3297254326,5,2026-06-25 17:30:00,5.0,0,Normal,"1-9, idle<=90",2026-07
716872215118080,3297617550,2,2026-05-25 21:30:00,36.0,0,Normal,"1-9, idle<=90",2026-07
708240448866560,3297655517,2,2026-06-22 21:00:00,8.0,0,Normal,"1-9, idle<=90",2026-07
710869425979648,3297730091,3,2026-06-25 18:30:00,5.0,0,Normal,"1-9, idle<=90",2026-07
736362762307848,3297843706,0,2026-06-23 12:30:00,7.0,0,Normal,"remaining=0, idle<=10",2026-07
724129799297282,3297907814,9,2026-06-28 15:00:00,2.0,0,Normal,"1-9, idle<=90",2026-07
734356885293314,3298202088,5,2026-06-24 09:30:00,6.0,0,Normal,"1-9, idle<=90",2026-07
724094098694400,3298260431,4,2026-06-25 19:00:00,5.0,0,Normal,"1-9, idle<=90",2026-07
738830314942728,3298455333,3,2026-06-28 19:30:00,2.0,0,Normal,"1-9, idle<=90",2026-07
720631692343552,3298478504,7,2026-06-26 19:30:00,4.0,0,Normal,"1-9, idle<=90",2026-07
705340069812480,3298487242,3,2026-06-26 20:30:00,4.0,0,Normal,"1-9, idle<=90",2026-07
714204678488320,3298517354,9,2026-06-27 20:30:00,3.0,0,Normal,"1-9, idle<=90",2026-07
702059599474948,3298583181,5,2026-06-24 20:00:00,6.0,0,Normal,"1-9, idle<=90",2026-07
733644635418882,3298591890,0,2026-06-28 10:30:00,2.0,0,Normal,"remaining=0, idle<=10",2026-07
722498257877250,3298623459,7,2026-06-25 21:30:00,5.0,0,Normal,"1-9, idle<=90",2026-07
740420555450632,3298648912,4,2026-06-25 23:00:00,5.0,0,Normal,"1-9, idle<=90",2026-07
719528856049922,3298652011,1,2026-06-25 21:00:00,5.0,0,Normal,"1-9, idle<=90",2026-07
702020375675136,3298711633,1,2026-06-26 01:30:00,4.0,0,Normal,"1-9, idle<=90",2026-07
712633839610114,3298718311,3,2026-06-25 18:00:00,5.0,0,Normal,"1-9, idle<=90",2026-07
702352406534400,3298744745,7,2026-06-26 21:00:00,4.0,0,Normal,"1-9, idle<=90",2026-07
715096930844932,3298763691,7,2026-06-04 21:30:00,26.0,1,Frozen,"1-9, idle<=90",2026-07
728341784252680,3298812137,9,2026-06-27 17:00:00,3.0,0,Normal,"1-9, idle<=90",2026-07
720416350667008,3298826206,9,2026-06-27 15:30:00,3.0,0,Normal,"1-9, idle<=90",2026-07
715809742635268,3298836128,7,2026-06-24 22:00:00,6.0,0,Normal,"1-9, idle<=90",2026-07
737759623147784,3298901956,4,2026-06-28 12:30:00,2.0,0,Normal,"1-9, idle<=90",2026-07
724085422434564,3298978096,7,2026-06-28 12:00:00,2.0,0,Normal,"1-9, idle<=90",2026-07
740542017409286,3299085321,4,2026-06-23 22:00:00,7.0,0,Normal,"1-9, idle<=90",2026-07
736893377749254,3299125118,0,2026-06-25 22:00:00,5.0,0,Normal,"remaining=0, idle<=10",2026-07
715779654891776,3299195205,9,2026-06-24 20:00:00,6.0,0,Normal,"1-9, idle<=90",2026-07
740198437982470,3299214603,0,2026-06-26 16:00:00,4.0,0,Normal,"remaining=0, idle<=10",2026-07
705158167218436,3299264958,6,2026-04-11 10:00:00,80.0,1,Frozen,"1-9, idle<=90",2026-07
705148186505476,3299358462,1,2026-06-27 12:30:00,3.0,0,Normal,"1-9, idle<=90",2026-07
721431582136580,3299422182,9,2026-06-26 21:30:00,4.0,0,Normal,"1-9, idle<=90",2026-07
738611104977158,3299555953,0,2026-06-26 13:00:00,4.0,0,Normal,"remaining=0, idle<=10",2026-07
706623366758656,3299561151,1,2026-05-17 23:30:00,44.0,0,Normal,"1-9, idle<=90",2026-07
721514649645314,3299677633,3,2026-06-24 21:00:00,6.0,0,Normal,"1-9, idle<=90",2026-07
738484112679174,3299693722,0,2026-06-26 20:30:00,4.0,0,Normal,"remaining=0, idle<=10",2026-07
719341687144706,3299728908,2,2026-06-25 21:00:00,5.0,0,Normal,"1-9, idle<=90",2026-07
713336006074624,3299783021,3,2026-06-25 16:00:00,5.0,0,Normal,"1-9, idle<=90",2026-07
706751210748160,3299932368,6,2026-06-26 20:30:00,4.0,0,Normal,"1-9, idle<=90",2026-07
740009201858824,3300023964,8,2026-06-24 22:30:00,6.0,0,Normal,"1-9, idle<=90",2026-07
708031060603140,3300040324,3,2026-06-28 15:30:00,2.0,0,Normal,"1-9, idle<=90",2026-07
740185439719688,3300040895,9,2026-06-28 11:00:00,2.0,0,Normal,"1-9, idle<=90",2026-07
710299650357506,3300084100,0,2026-06-27 14:00:00,3.0,0,Normal,"remaining=0, idle<=10",2026-07
715096831502592,3300211024,3,2026-06-04 21:30:00,26.0,1,Frozen,"1-9, idle<=90",2026-07
736713728381186,3300252086,3,2026-06-25 18:30:00,5.0,0,Normal,"1-9, idle<=90",2026-07
713523675975940,3300273797,5,2026-06-28 22:00:00,2.0,0,Normal,"1-9, idle<=90",2026-07
708246074419458,3300300562,0,2026-06-27 20:00:00,3.0,0,Normal,"remaining=0, idle<=10",2026-07
726391678114056,3300376895,1,2026-06-10 15:00:00,20.0,0,Normal,"1-9, idle<=90",2026-07
711733690142978,3300423265,3,2026-06-26 16:30:00,4.0,0,Normal,"1-9, idle<=90",2026-07
711005384186112,3300604093,9,2026-06-25 19:00:00,5.0,0,Normal,"1-9, idle<=90",2026-07
726616013054216,3300605814,5,2026-05-29 20:30:00,32.0,1,Frozen,"1-9, idle<=90",2026-07
711006396139780,3300737209,4,2026-06-24 11:30:00,6.0,0,Normal,"1-9, idle<=90",2026-07
709581633476866,3300741660,8,2026-06-27 17:00:00,3.0,0,Normal,"1-9, idle<=90",2026-07
712427887048964,3300882951,2,2026-06-11 22:00:00,19.0,0,Normal,"1-9, idle<=90",2026-07
733640137320712,3300903790,7,2026-04-24 20:00:00,67.0,1,Frozen,"1-9, idle<=90",2026-07
727093736503554,3300907980,4,2026-06-26 18:30:00,4.0,0,Normal,"1-9, idle<=90",2026-07
711740323295492,3301160994,6,2026-06-24 21:30:00,6.0,0,Normal,"1-9, idle<=90",2026-07
732146134352136,3301178956,7,2026-06-23 21:00:00,7.0,1,Frozen,"1-9, idle<=90",2026-07
732052522690822,3301302598,1,2026-06-20 11:00:00,10.0,0,Normal,"1-9, idle<=90",2026-07
715857219197186,3301309986,8,2026-06-28 22:00:00,2.0,0,Normal,"1-9, idle<=90",2026-07
722677699948800,3301385691,9,2026-06-25 21:30:00,5.0,0,Normal,"1-9, idle<=90",2026-07
718141077735684,3301412407,9,2026-06-25 21:30:00,5.0,0,Normal,"1-9, idle<=90",2026-07
711883101518082,3301422169,2,2026-06-28 12:00:00,2.0,0,Normal,"1-9, idle<=90",2026-07
718142994637056,3301445152,8,2026-06-25 21:30:00,5.0,0,Normal,"1-9, idle<=90",2026-07
719753881577728,3301469522,3,2026-06-26 21:30:00,4.0,0,Normal,"1-9, idle<=90",2026-07
737397201217794,3301528887,7,2026-06-24 19:30:00,6.0,0,Normal,"1-9, idle<=90",2026-07
712428011143424,3301541582,7,2026-06-11 18:30:00,19.0,0,Normal,"1-9, idle<=90",2026-07
734022288652546,3301556690,1,2026-06-24 20:30:00,6.0,0,Normal,"1-9, idle<=90",2026-07
716906101686528,3301570890,0,2026-06-23 18:00:00,7.0,0,Normal,"remaining=0, idle<=10",2026-07
716304106051844,3301587057,0,2026-06-23 22:00:00,7.0,0,Normal,"remaining=0, idle<=10",2026-07
713692330055940,3301644823,3,2026-05-29 19:30:00,32.0,0,Normal,"1-9, idle<=90",2026-07
712827006357760,3301656666,9,2026-06-02 21:30:00,28.0,0,Normal,"1-9, idle<=90",2026-07
713522941376770,3301684109,8,2026-06-27 20:30:00,3.0,0,Normal,"1-9, idle<=90",2026-07
736712238399752,3301688352,3,2026-06-14 19:30:00,16.0,1,Frozen,"1-9, idle<=90",2026-07
727182557171970,3301697484,3,2026-06-28 09:30:00,2.0,0,Normal,"1-9, idle<=90",2026-07
714754812586244,3301700636,0,2026-06-27 13:30:00,3.0,0,Normal,"remaining=0, idle<=10",2026-07
714927583271172,3301780840,1,2026-06-26 11:00:00,4.0,0,Normal,"1-9, idle<=90",2026-07
713292093475074,3301791931,1,2026-06-26 10:00:00,4.0,0,Normal,"1-9, idle<=90",2026-07
719502850691328,3301834579,5,2026-06-24 21:30:00,6.0,0,Normal,"1-9, idle<=90",2026-07
715060012318978,3301842404,7,2026-06-25 18:00:00,5.0,0,Normal,"1-9, idle<=90",2026-07
713476702605570,3301842885,1,2026-06-26 22:30:00,4.0,0,Normal,"1-9, idle<=90",2026-07
713843369711876,3301849291,9,2026-06-07 20:30:00,23.0,1,Frozen,"1-9, idle<=90",2026-07
713299212468480,3301860357,0,2026-06-21 17:00:00,9.0,0,Normal,"remaining=0, idle<=10",2026-07
714408739457282,3301884011,0,2026-06-23 10:00:00,7.0,0,Normal,"remaining=0, idle<=10",2026-07
714386304311552,3301931875,0,2026-06-26 21:30:00,4.0,0,Normal,"remaining=0, idle<=10",2026-07
716828898482436,3301965271,1,2026-06-23 17:30:00,7.0,0,Normal,"1-9, idle<=90",2026-07
714223303774466,3301974737,5,2026-06-26 21:30:00,4.0,0,Normal,"1-9, idle<=90",2026-07
714432882944258,3301977695,3,2026-06-26 23:00:00,4.0,0,Normal,"1-9, idle<=90",2026-07
713857123971328,3301999047,1,2026-06-27 16:00:00,3.0,0,Normal,"1-9, idle<=90",2026-07
721669769087234,3302036113,7,2026-06-28 21:30:00,2.0,0,Normal,"1-9, idle<=90",2026-07
714543054850304,3302068714,2,2026-06-24 21:30:00,6.0,0,Normal,"1-9, idle<=90",2026-07
715457709248770,3302082363,3,2026-06-25 21:30:00,5.0,0,Normal,"1-9, idle<=90",2026-07
715857564578048,3302086533,3,2026-06-17 21:00:00,13.0,0,Normal,"1-9, idle<=90",2026-07
714415015176452,3302097990,1,2026-06-24 10:30:00,6.0,0,Normal,"1-9, idle<=90",2026-07
715299498668290,3302122357,0,2026-06-24 22:00:00,6.0,0,Normal,"remaining=0, idle<=10",2026-07
716163196692738,3302122378,0,2026-06-23 23:00:00,7.0,0,Normal,"remaining=0, idle<=10",2026-07
715606182525184,3302122388,0,2026-06-23 21:00:00,7.0,0,Normal,"remaining=0, idle<=10",2026-07
716003595829508,3302124611,3,2026-06-28 16:00:00,2.0,0,Normal,"1-9, idle<=90",2026-07
716342120861952,3302166966,6,2026-06-25 21:00:00,5.0,0,Normal,"1-9, idle<=90",2026-07
715601266518272,3302167868,2,2026-06-27 11:30:00,3.0,0,Normal,"1-9, idle<=90",2026-07
733676354314504,3302170311,4,2026-06-25 20:30:00,5.0,0,Normal,"1-9, idle<=90",2026-07
715241252829444,3302186185,3,2026-06-26 22:00:00,4.0,0,Normal,"1-9, idle<=90",2026-07
718678826813696,3302188822,1,2026-04-27 20:00:00,64.0,0,Normal,"1-9, idle<=90",2026-07
718279998652674,3302208420,7,2026-06-25 21:00:00,5.0,0,Normal,"1-9, idle<=90",2026-07
715239880507650,3302218695,1,2026-06-24 10:00:00,6.0,0,Normal,"1-9, idle<=90",2026-07
715242990276866,3302231460,3,2026-06-28 19:00:00,2.0,0,Normal,"1-9, idle<=90",2026-07
716349311908098,3302237462,0,2026-06-26 22:30:00,4.0,0,Normal,"remaining=0, idle<=10",2026-07
715812460697858,3302264910,0,2026-06-21 21:00:00,9.0,0,Normal,"remaining=0, idle<=10",2026-07
715609530925316,3302275348,3,2026-06-27 10:00:00,3.0,0,Normal,"1-9, idle<=90",2026-07
718780270170368,3302283110,9,2026-06-09 17:00:00,21.0,1,Frozen,"1-9, idle<=90",2026-07
715123722914048,3302310606,5,2026-06-25 21:00:00,5.0,0,Normal,"1-9, idle<=90",2026-07
715060255674626,3302363546,6,2026-06-28 18:00:00,2.0,0,Normal,"1-9, idle<=90",2026-07
715780113940738,3302429548,6,2026-06-28 19:00:00,2.0,0,Normal,"1-9, idle<=90",2026-07
717910397466884,3302460956,0,2026-06-24 20:00:00,6.0,0,Normal,"remaining=0, idle<=10",2026-07
715779792410884,3302461638,2,2026-06-27 20:30:00,3.0,0,Normal,"1-9, idle<=90",2026-07
716701456304386,3302474492,5,2026-06-23 18:30:00,7.0,0,Normal,"1-9, idle<=90",2026-07
715980814405890,3302475045,4,2026-06-24 19:00:00,6.0,0,Normal,"1-9, idle<=90",2026-07
715602543812866,3302531412,0,2026-06-27 20:30:00,3.0,0,Normal,"remaining=0, idle<=10",2026-07
717547528714496,3302552578,7,2026-06-22 21:00:00,8.0,0,Normal,"1-9, idle<=90",2026-07
716518463709444,3302566793,3,2026-06-26 20:00:00,4.0,0,Normal,"1-9, idle<=90",2026-07
717978325414144,3302571371,0,2026-06-26 21:00:00,4.0,0,Normal,"remaining=0, idle<=10",2026-07
716319222102276,3302613636,4,2026-06-25 20:30:00,5.0,0,Normal,"1-9, idle<=90",2026-07
737015606372610,3302624662,6,2026-06-28 10:00:00,2.0,0,Normal,"1-9, idle<=90",2026-07
731516681060610,3302637640,2,2026-06-18 19:30:00,12.0,0,Normal,"1-9, idle<=90",2026-07
716303848026368,3302650951,8,2026-06-26 21:30:00,4.0,0,Normal,"1-9, idle<=90",2026-07
737718553624838,3302656876,1,2026-06-28 09:00:00,2.0,0,Normal,"1-9, idle<=90",2026-07
717889861263618,3302658106,0,2026-06-20 22:00:00,10.0,0,Normal,"remaining=0, idle<=10",2026-07
738298869201160,3302658107,7,2026-06-22 20:00:00,8.0,0,Normal,"1-9, idle<=90",2026-07
716209112455426,3302658528,0,2026-06-26 21:30:00,4.0,0,Normal,"remaining=0, idle<=10",2026-07
716655999488258,3302660786,6,2026-06-25 21:30:00,5.0,0,Normal,"1-9, idle<=90",2026-07
716003308740864,3302674948,8,2026-06-28 17:00:00,2.0,0,Normal,"1-9, idle<=90",2026-07
716739720255744,3302685508,7,2026-06-26 21:00:00,4.0,0,Normal,"1-9, idle<=90",2026-07
719671321774340,3302691566,8,2026-06-24 20:00:00,6.0,0,Normal,"1-9, idle<=90",2026-07
716478036609282,3302734376,5,2026-06-25 22:00:00,5.0,0,Normal,"1-9, idle<=90",2026-07
716828686024960,3302741329,5,2026-06-24 20:30:00,6.0,0,Normal,"1-9, idle<=90",2026-07
735817770463496,3302752045,5,2026-06-24 19:00:00,6.0,0,Normal,"1-9, idle<=90",2026-07
732580952123654,3302754826,7,2026-06-25 21:30:00,5.0,0,Normal,"1-9, idle<=90",2026-07
735818152521990,3302761331,3,2026-06-25 19:00:00,5.0,0,Normal,"1-9, idle<=90",2026-07
717712324743426,3302784993,2,2026-06-25 20:30:00,5.0,0,Normal,"1-9, idle<=90",2026-07
733165119056134,3302791731,3,2026-06-28 17:00:00,2.0,0,Normal,"1-9, idle<=90",2026-07
716870156312832,3302792476,2,2026-06-26 21:30:00,4.0,0,Normal,"1-9, idle<=90",2026-07
725325292804358,3302792578,7,2026-06-27 08:30:00,3.0,0,Normal,"1-9, idle<=90",2026-07
722878508783874,3302806596,6,2026-06-27 20:00:00,3.0,0,Normal,"1-9, idle<=90",2026-07
717556519276804,3302810426,2,2026-06-24 18:00:00,6.0,0,Normal,"1-9, idle<=90",2026-07
717889682559234,3302812849,8,2026-06-23 20:30:00,7.0,0,Normal,"1-9, idle<=90",2026-07
721619056429312,3302838344,5,2026-06-25 21:00:00,5.0,0,Normal,"1-9, idle<=90",2026-07
718508506831106,3302862700,8,2026-06-19 09:30:00,11.0,0,Normal,"1-9, idle<=90",2026-07
720247158077700,3302862769,8,2026-06-28 10:00:00,2.0,0,Normal,"1-9, idle<=90",2026-07
717009474736384,3302863764,6,2026-06-08 21:00:00,22.0,1,Frozen,"1-9, idle<=90",2026-07
716718228357378,3302874498,2,2026-06-25 20:30:00,5.0,0,Normal,"1-9, idle<=90",2026-07
718778838806788,3302899363,4,2026-06-26 19:30:00,4.0,0,Normal,"1-9, idle<=90",2026-07
717534331289860,3302901612,2,2026-06-26 21:00:00,4.0,0,Normal,"1-9, idle<=90",2026-07
718949939165442,3302902244,7,2026-06-25 19:30:00,5.0,0,Normal,"1-9, idle<=90",2026-07
717889447907586,3302914421,4,2026-06-25 10:30:00,5.0,0,Normal,"1-9, idle<=90",2026-07
717372137500930,3302914448,1,2026-06-27 10:30:00,3.0,0,Normal,"1-9, idle<=90",2026-07
737587541936386,3302935941,8,2026-06-25 20:30:00,5.0,0,Normal,"1-9, idle<=90",2026-07
717890172717316,3302994453,1,2026-06-25 20:00:00,5.0,0,Normal,"1-9, idle<=90",2026-07
717814629331204,3303027450,9,2026-06-26 20:00:00,4.0,0,Normal,"1-9, idle<=90",2026-07
733702197819650,3303042916,0,2026-06-25 20:30:00,5.0,0,Normal,"remaining=0, idle<=10",2026-07
719571515103492,3303043342,9,2026-06-28 20:00:00,2.0,0,Normal,"1-9, idle<=90",2026-07
718086682671360,3303044511,0,2026-06-22 16:30:00,8.0,0,Normal,"remaining=0, idle<=10",2026-07
741105764071688,3303045295,8,2026-06-26 21:00:00,4.0,0,Normal,"1-9, idle<=90",2026-07
718121900302596,3303045387,6,2026-06-02 21:00:00,28.0,0,Normal,"1-9, idle<=90",2026-07
720371845202178,3303045467,8,2026-06-27 20:00:00,3.0,0,Normal,"1-9, idle<=90",2026-07
719325898174720,3303049820,3,2026-06-26 20:30:00,4.0,0,Normal,"1-9, idle<=90",2026-07
720017434611972,3303080762,1,2026-06-28 16:00:00,2.0,0,Normal,"1-9, idle<=90",2026-07
718950169489668,3303081025,4,2026-06-19 18:00:00,11.0,0,Normal,"1-9, idle<=90",2026-07
717774484005124,3303101983,7,2026-06-26 21:30:00,4.0,0,Normal,"1-9, idle<=90",2026-07
719309860628738,3303131917,0,2026-06-20 19:30:00,10.0,0,Normal,"remaining=0, idle<=10",2026-07
737525229879560,3303158162,6,2026-06-27 07:30:00,3.0,0,Normal,"1-9, idle<=90",2026-07
719323366525184,3303164407,7,2026-06-26 22:00:00,4.0,0,Normal,"1-9, idle<=90",2026-07
718783446921472,3303164631,7,2026-06-25 15:00:00,5.0,0,Normal,"1-9, idle<=90",2026-07
738986732886278,3303165474,6,2026-06-25 19:00:00,5.0,0,Normal,"1-9, idle<=90",2026-07
732943401425158,3303166107,8,2026-05-28 09:00:00,33.0,1,Frozen,"1-9, idle<=90",2026-07
718253173068036,3303170116,4,2026-06-27 15:30:00,3.0,0,Normal,"1-9, idle<=90",2026-07
718488625221892,3303184003,3,2026-06-26 21:30:00,4.0,0,Normal,"1-9, idle<=90",2026-07
718992666312960,3303200066,7,2026-06-28 16:00:00,2.0,0,Normal,"1-9, idle<=90",2026-07
718455685456128,3303237569,9,2026-06-25 21:00:00,5.0,0,Normal,"1-9, idle<=90",2026-07
718456293120256,3303255084,4,2026-06-28 11:30:00,2.0,0,Normal,"1-9, idle<=90",2026-07
719128482742528,3303262616,1,2026-06-26 18:00:00,4.0,0,Normal,"1-9, idle<=90",2026-07
722494825765122,3303276712,4,2026-06-25 21:00:00,5.0,0,Normal,"1-9, idle<=90",2026-07
718808701720836,3303288521,4,2026-06-24 21:30:00,6.0,0,Normal,"1-9, idle<=90",2026-07
719570452285700,3303317799,5,2026-06-26 21:00:00,4.0,0,Normal,"1-9, idle<=90",2026-07
719188672295170,3303330722,8,2026-06-27 21:00:00,3.0,0,Normal,"1-9, idle<=90",2026-07
720610104930562,3303346881,0,2026-06-24 21:30:00,6.0,0,Normal,"remaining=0, idle<=10",2026-07
720202245185794,3303366311,5,2026-06-28 17:30:00,2.0,0,Normal,"1-9, idle<=90",2026-07
738077578260738,3303379693,4,2026-06-26 21:30:00,4.0,0,Normal,"1-9, idle<=90",2026-07
719694285314306,3303385703,3,2026-06-28 20:30:00,2.0,0,Normal,"1-9, idle<=90",2026-07
720018240661764,3303388691,0,2026-06-23 20:00:00,7.0,0,Normal,"remaining=0, idle<=10",2026-07
720246965113088,3303414152,8,2026-06-25 21:00:00,5.0,0,Normal,"1-9, idle<=90",2026-07
737730843758856,3303426825,7,2026-06-25 18:30:00,5.0,0,Normal,"1-9, idle<=90",2026-07
719354199992578,3303426969,3,2026-06-28 10:00:00,2.0,0,Normal,"1-9, idle<=90",2026-07
719129454571780,3303427585,3,2026-06-25 21:30:00,5.0,0,Normal,"1-9, idle<=90",2026-07
719309760983300,3303430498,4,2026-06-03 19:00:00,27.0,0,Normal,"1-9, idle<=90",2026-07
740428869732614,3303460560,6,2026-06-26 11:00:00,4.0,0,Normal,"1-9, idle<=90",2026-07
738981812916482,3303472423,5,2026-06-26 21:00:00,4.0,0,Normal,"1-9, idle<=90",2026-07
722531321979136,3303521760,6,2026-06-25 21:00:00,5.0,0,Normal,"1-9, idle<=90",2026-07
720411729058050,3303561107,9,2026-06-05 20:30:00,25.0,1,Frozen,"1-9, idle<=90",2026-07
719482072994048,3303608928,6,2026-06-24 22:00:00,6.0,0,Normal,"1-9, idle<=90",2026-07
720590959612160,3303677787,4,2026-06-28 20:30:00,2.0,0,Normal,"1-9, idle<=90",2026-07
721618780041476,3303704939,4,2026-06-26 21:30:00,4.0,0,Normal,"1-9, idle<=90",2026-07
720722200502530,3303717963,4,2026-06-25 19:00:00,5.0,0,Normal,"1-9, idle<=90",2026-07
720421374478594,3303742233,6,2026-06-25 21:00:00,5.0,0,Normal,"1-9, idle<=90",2026-07
720549461334272,3303749453,3,2026-06-25 18:30:00,5.0,0,Normal,"1-9, idle<=90",2026-07
720723433734400,3303775240,8,2026-06-27 21:30:00,3.0,0,Normal,"1-9, idle<=90",2026-07
720760766699780,3303787150,1,2026-06-26 21:00:00,4.0,0,Normal,"1-9, idle<=90",2026-07
720591478366468,3303796100,9,2026-06-27 20:30:00,3.0,0,Normal,"1-9, idle<=90",2026-07
722866583357698,3303823266,9,2026-06-27 21:00:00,3.0,0,Normal,"1-9, idle<=90",2026-07
720270377332996,3303826284,2,2026-04-05 21:00:00,86.0,1,Frozen,"1-9, idle<=90",2026-07
720610245228800,3303826601,4,2026-06-25 21:00:00,5.0,0,Normal,"1-9, idle<=90",2026-07
721438904965376,3303846608,3,2026-06-27 20:00:00,3.0,0,Normal,"1-9, idle<=90",2026-07
721436025827588,3303850896,9,2026-06-24 21:30:00,6.0,0,Normal,"1-9, idle<=90",2026-07
724629389926656,3303874016,7,2026-06-26 21:00:00,4.0,0,Normal,"1-9, idle<=90",2026-07
721269500070148,3303874303,7,2026-06-25 21:00:00,5.0,0,Normal,"1-9, idle<=90",2026-07
722725642950912,3303922693,4,2026-06-24 16:00:00,6.0,0,Normal,"1-9, idle<=90",2026-07
725680077314310,3303925269,9,2026-06-28 17:30:00,2.0,0,Normal,"1-9, idle<=90",2026-07
721306951690500,3303935379,6,2026-06-27 23:00:00,3.0,0,Normal,"1-9, idle<=90",2026-07
737539620565254,3303943082,2,2026-06-25 16:00:00,5.0,0,Normal,"1-9, idle<=90",2026-07
721273812224258,3303954525,9,2026-06-27 19:00:00,3.0,0,Normal,"1-9, idle<=90",2026-07
721476078328066,3303965417,5,2026-06-25 22:00:00,5.0,0,Normal,"1-9, idle<=90",2026-07
722190520324354,3303985073,6,2026-06-28 16:30:00,2.0,0,Normal,"1-9, idle<=90",2026-07
721646033862914,3304066239,8,2026-06-05 21:00:00,25.0,1,Frozen,"1-9, idle<=90",2026-07
721649404903682,3304098831,9,2026-06-26 21:30:00,4.0,0,Normal,"1-9, idle<=90",2026-07
724847886063874,3304170699,1,2026-05-30 19:30:00,31.0,0,Normal,"1-9, idle<=90",2026-07
723246592481538,3304185560,7,2026-06-28 19:30:00,2.0,0,Normal,"1-9, idle<=90",2026-07
723199654992132,3304220662,6,2026-06-27 23:00:00,3.0,0,Normal,"1-9, idle<=90",2026-07
723422875838720,3304299934,8,2026-06-28 18:00:00,2.0,0,Normal,"1-9, idle<=90",2026-07
724128703275268,3304311740,8,2026-06-26 20:00:00,4.0,0,Normal,"1-9, idle<=90",2026-07
740727821011206,3304327678,7,2026-06-26 19:00:00,4.0,0,Normal,"1-9, idle<=90",2026-07
723456693709058,3304356895,7,2026-06-25 20:00:00,5.0,0,Normal,"1-9, idle<=90",2026-07
722717439613186,3304389001,7,2026-06-27 21:30:00,3.0,0,Normal,"1-9, idle<=90",2026-07
735242030709000,3304621387,0,2026-06-23 19:00:00,7.0,0,Normal,"remaining=0, idle<=10",2026-07
723994257770754,3304678420,5,2026-06-27 21:30:00,3.0,0,Normal,"1-9, idle<=90",2026-07
723781477480706,3304694365,6,2026-06-24 21:00:00,6.0,0,Normal,"1-9, idle<=90",2026-07
725323994272008,3304750218,7,2026-06-26 20:30:00,4.0,0,Normal,"1-9, idle<=90",2026-07
738802773719304,3304781389,3,2026-06-26 15:30:00,4.0,0,Normal,"1-9, idle<=90",2026-07
724624398795008,3304803044,9,2026-06-28 19:30:00,2.0,0,Normal,"1-9, idle<=90",2026-07
731387978387714,3304803179,7,2026-06-26 06:00:00,4.0,0,Normal,"1-9, idle<=90",2026-07
740400515694856,3304813464,3,2026-06-25 21:00:00,5.0,0,Normal,"1-9, idle<=90",2026-07
725013040472324,3304857298,9,2026-06-27 20:30:00,3.0,0,Normal,"1-9, idle<=90",2026-07
726799480305928,3304934001,8,2026-04-09 22:30:00,82.0,1,Frozen,"1-9, idle<=90",2026-07
735420181184774,3305003892,0,2026-06-24 11:00:00,6.0,0,Normal,"remaining=0, idle<=10",2026-07
731871067623686,3305015755,1,2026-06-26 20:30:00,4.0,0,Normal,"1-9, idle<=90",2026-07
725853770682632,3305015821,6,2026-06-18 21:30:00,12.0,1,Frozen,"1-9, idle<=90",2026-07
727500262455560,3305222189,0,2026-06-20 21:00:00,10.0,0,Normal,"remaining=0, idle<=10",2026-07
725908720136450,3305265646,9,2026-06-26 18:00:00,4.0,0,Normal,"1-9, idle<=90",2026-07
727505503250694,3305327188,0,2026-06-25 22:00:00,5.0,0,Normal,"remaining=0, idle<=10",2026-07
727638071423240,3305449507,6,2026-06-28 14:00:00,2.0,0,Normal,"1-9, idle<=90",2026-07
736536730482952,3305452419,1,2026-06-27 18:30:00,3.0,0,Normal,"1-9, idle<=90",2026-07
733848756199686,3305716570,6,2026-05-27 20:30:00,34.0,1,Frozen,"1-9, idle<=90",2026-07
726787452406024,3305795945,6,2026-06-26 10:00:00,4.0,0,Normal,"1-9, idle<=90",2026-07
727681149264136,3305889139,6,2026-06-27 22:00:00,3.0,0,Normal,"1-9, idle<=90",2026-07
728217813950726,3306036697,0,2026-06-24 21:00:00,6.0,0,Normal,"remaining=0, idle<=10",2026-07
731173381765378,3306053349,3,2026-06-25 02:30:00,5.0,0,Normal,"1-9, idle<=90",2026-07
732098322505990,3306152063,0,2026-06-21 11:30:00,9.0,0,Normal,"remaining=0, idle<=10",2026-07
728689671278854,3306287395,9,2026-06-23 21:00:00,7.0,0,Normal,"1-9, idle<=90",2026-07
729055422380294,3306346151,0,2026-06-23 20:30:00,7.0,0,Normal,"remaining=0, idle<=10",2026-07
735055755809030,3306548468,4,2026-06-27 19:30:00,3.0,0,Normal,"1-9, idle<=90",2026-07
737730618962184,3306762636,2,2026-06-28 16:30:00,2.0,1,Frozen,"1-9, idle<=90",2026-07
735289372588296,3306985579,2,2026-06-10 21:30:00,20.0,0,Normal,"1-9, idle<=90",2026-07
737421544560902,3307039875,8,2026-06-28 08:30:00,2.0,0,Normal,"1-9, idle<=90",2026-07
738338984190210,3307154632,5,2026-06-24 21:00:00,6.0,0,Normal,"1-9, idle<=90",2026-07
733831788085510,3307216775,4,2026-06-25 21:00:00,5.0,0,Normal,"1-9, idle<=90",2026-07
732754517827842,3307305714,6,2026-06-26 11:00:00,4.0,0,Normal,"1-9, idle<=90",2026-07
733127849861378,3307312725,0,2026-06-26 21:30:00,4.0,0,Normal,"remaining=0, idle<=10",2026-07
732954108530950,3307368405,1,2026-06-23 21:00:00,7.0,0,Normal,"1-9, idle<=90",2026-07
735266056677638,3307375001,4,2026-06-26 20:30:00,4.0,0,Normal,"1-9, idle<=90",2026-07
737904255015176,3307431147,8,2026-06-19 22:00:00,11.0,0,Normal,"1-9, idle<=90",2026-07
734179143657736,3307442975,0,2026-06-21 21:00:00,9.0,0,Normal,"remaining=0, idle<=10",2026-07
745329008560390,3307546617,6,2026-06-27 15:30:00,3.0,0,Normal,"1-9, idle<=90",2026-07
733108155386114,3307592593,8,2026-06-28 18:30:00,2.0,0,Normal,"1-9, idle<=90",2026-07
735795647691016,3307594672,9,2026-06-25 21:00:00,5.0,0,Normal,"1-9, idle<=90",2026-07
739304851222790,3307594742,8,2026-06-26 20:30:00,4.0,0,Normal,"1-9, idle<=90",2026-07
737587797813512,3307600679,4,2026-06-28 09:00:00,2.0,0,Normal,"1-9, idle<=90",2026-07
740184629121288,3307628824,6,2026-06-25 16:00:00,5.0,0,Normal,"1-9, idle<=90",2026-07
735232788732162,3307703078,0,2026-06-28 20:00:00,2.0,0,Normal,"remaining=0, idle<=10",2026-07
735119015784710,3307812059,1,2026-06-25 22:00:00,5.0,0,Normal,"1-9, idle<=90",2026-07
735244891171080,3307825979,3,2026-06-21 21:00:00,9.0,0,Normal,"1-9, idle<=90",2026-07
735417601667334,3307839789,0,2026-06-26 21:00:00,4.0,0,Normal,"remaining=0, idle<=10",2026-07
735595115839752,3308442169,0,2026-06-25 20:00:00,5.0,0,Normal,"remaining=0, idle<=10",2026-07
735414062571778,3308450717,1,2026-06-25 20:30:00,5.0,0,Normal,"1-9, idle<=90",2026-07
737886611714306,3308497316,5,2026-06-25 22:30:00,5.0,0,Normal,"1-9, idle<=90",2026-07
736644859982086,3308500489,2,2026-06-25 22:00:00,5.0,0,Normal,"1-9, idle<=90",2026-07
741079401701640,3308578101,7,2026-06-26 22:00:00,4.0,0,Normal,"1-9, idle<=90",2026-07
736536878633218,3308586635,0,2026-06-28 15:00:00,2.0,0,Normal,"remaining=0, idle<=10",2026-07
740584727468290,3308597806,7,2026-06-26 21:30:00,4.0,0,Normal,"1-9, idle<=90",2026-07
736344132215046,3308601632,1,2026-06-25 20:00:00,5.0,0,Normal,"1-9, idle<=90",2026-07
735275034444040,3308632938,1,2026-06-26 20:00:00,4.0,0,Normal,"1-9, idle<=90",2026-07
735106927442184,3308644666,2,2026-06-12 20:30:00,18.0,1,Frozen,"1-9, idle<=90",2026-07
735242942314760,3308652234,4,2026-06-27 10:30:00,3.0,0,Normal,"1-9, idle<=90",2026-07
736033910163714,3308728076,4,2026-06-26 19:30:00,4.0,0,Normal,"1-9, idle<=90",2026-07
735443273130242,3308830095,4,2026-06-24 21:00:00,6.0,0,Normal,"1-9, idle<=90",2026-07
741074113083650,3308870465,7,2026-06-26 19:00:00,4.0,0,Normal,"1-9, idle<=90",2026-07
735772669948166,3308922344,0,2026-06-27 21:00:00,3.0,0,Normal,"remaining=0, idle<=10",2026-07
735293798039814,3308945007,7,2026-06-05 21:00:00,25.0,1,Frozen,"1-9, idle<=90",2026-07
736836152047880,3309028089,2,2026-06-26 21:00:00,4.0,0,Normal,"1-9, idle<=90",2026-07
736900909541638,3309049330,3,2026-06-25 21:30:00,5.0,0,Normal,"1-9, idle<=90",2026-07
739165775042822,3309095246,6,2026-06-27 21:30:00,3.0,0,Normal,"1-9, idle<=90",2026-07
736705315092738,3309173656,0,2026-06-27 11:30:00,3.0,0,Normal,"remaining=0, idle<=10",2026-07
736369995251974,3309185244,0,2026-06-20 21:00:00,10.0,0,Normal,"remaining=0, idle<=10",2026-07
736656981332226,3309243116,0,2026-06-26 09:30:00,4.0,0,Normal,"remaining=0, idle<=10",2026-07
738300993528072,3309248586,3,2026-06-26 19:30:00,4.0,0,Normal,"1-9, idle<=90",2026-07
737015369992456,3309274906,0,2026-06-25 17:00:00,5.0,0,Normal,"remaining=0, idle<=10",2026-07
737550598543622,3309281203,3,2026-06-28 20:00:00,2.0,0,Normal,"1-9, idle<=90",2026-07
736831645360392,3309284042,3,2026-06-24 21:30:00,6.0,0,Normal,"1-9, idle<=90",2026-07
737568152533250,3309325583,1,2026-06-25 20:30:00,5.0,0,Normal,"1-9, idle<=90",2026-07
740800614719746,3309339320,6,2026-06-25 22:00:00,5.0,0,Normal,"1-9, idle<=90",2026-07
737904874238214,3309362281,1,2026-06-25 21:00:00,5.0,0,Normal,"1-9, idle<=90",2026-07
738631594303746,3309398908,9,2026-06-26 20:30:00,4.0,0,Normal,"1-9, idle<=90",2026-07
738957329086726,3309429303,5,2026-06-25 21:00:00,5.0,0,Normal,"1-9, idle<=90",2026-07
738075832082694,3309452282,3,2026-06-23 18:00:00,7.0,1,Frozen,"1-9, idle<=90",2026-07
737718836873474,3309514437,5,2026-06-26 12:00:00,4.0,0,Normal,"1-9, idle<=90",2026-07
741331850006786,3309519860,6,2026-06-25 16:00:00,5.0,0,Normal,"1-9, idle<=90",2026-07
738301259493634,3309553027,6,2026-06-25 21:00:00,5.0,0,Normal,"1-9, idle<=90",2026-07
737904498966786,3309657406,5,2026-06-25 22:00:00,5.0,0,Normal,"1-9, idle<=90",2026-07
738820393298178,3309714867,4,2026-06-24 21:00:00,6.0,0,Normal,"1-9, idle<=90",2026-07
741127117287686,3309728166,0,2026-06-25 14:00:00,5.0,0,Normal,"remaining=0, idle<=10",2026-07
740189999778050,3309752350,9,2026-06-25 10:00:00,5.0,0,Normal,"1-9, idle<=90",2026-07
738859155054850,3309773021,3,2026-06-27 20:30:00,3.0,0,Normal,"1-9, idle<=90",2026-07
739006056139016,3309821250,8,2026-06-28 10:30:00,2.0,0,Normal,"1-9, idle<=90",2026-07
739040175165698,3309825849,4,2026-06-24 17:30:00,6.0,0,Normal,"1-9, idle<=90",2026-07
739309625022728,3309871496,4,2026-06-28 11:00:00,2.0,0,Normal,"1-9, idle<=90",2026-07
739531296497922,3309888657,6,2026-06-25 10:00:00,5.0,0,Normal,"1-9, idle<=90",2026-07
740583854024962,3309933070,7,2026-06-28 12:30:00,2.0,0,Normal,"1-9, idle<=90",2026-07
740574526865670,3309961248,3,2026-06-24 18:00:00,6.0,0,Normal,"1-9, idle<=90",2026-07
740023561361666,3310004580,0,2026-06-27 18:00:00,3.0,0,Normal,"remaining=0, idle<=10",2026-07
739533677572354,3310008648,4,2026-06-25 21:00:00,5.0,0,Normal,"1-9, idle<=90",2026-07
740011728955656,3310018399,5,2026-06-26 20:30:00,4.0,0,Normal,"1-9, idle<=90",2026-07
743587523897602,3310048715,9,2026-06-26 21:30:00,4.0,0,Normal,"1-9, idle<=90",2026-07
740460352934152,3310073733,3,2026-06-27 15:00:00,3.0,0,Normal,"1-9, idle<=90",2026-07
739866771521794,3310160992,6,2026-06-26 21:00:00,4.0,0,Normal,"1-9, idle<=90",2026-07
740412128198918,3310202025,6,2026-06-27 19:00:00,3.0,0,Normal,"1-9, idle<=90",2026-07
740938230264072,3310214155,2,2026-06-26 21:00:00,4.0,0,Normal,"1-9, idle<=90",2026-07
743581827873026,3310385991,9,2026-06-28 13:30:00,2.0,0,Normal,"1-9, idle<=90",2026-07
742314235222274,3310500448,8,2026-06-25 18:30:00,5.0,0,Normal,"1-9, idle<=90",2026-07
741963763910914,3310520385,2,2026-06-26 21:00:00,4.0,0,Normal,"1-9, idle<=90",2026-07
742544169834754,3310704180,7,2026-06-26 21:30:00,4.0,0,Normal,"1-9, idle<=90",2026-07
742773367877894,3310847221,9,2026-06-24 21:00:00,6.0,0,Normal,"1-9, idle<=90",2026-07
744113367843078,3310935876,9,2026-06-27 21:30:00,3.0,0,Normal,"1-9, idle<=90",2026-07
