order_id,uid,remaining,last_study,idle,is_frozen,tag,reason,month
714559373267202,3034830727,8,2026-07-29 22:00:00,2.0,0,Normal,"1-14, idle<=90",2026-08
728378580148486,3126550426,6,2026-07-29 15:00:00,2.0,0,Normal,"1-14, idle<=90",2026-08
732933261226242,3134456866,13,2026-07-29 21:00:00,2.0,0,Normal,"1-14, idle<=90",2026-08
746230643273992,3179205818,9,2026-07-17 16:30:00,14.0,0,Normal,"1-14, idle<=90",2026-08
734541744724232,3189926256,14,2026-07-26 21:30:00,5.0,0,Normal,"1-14, idle<=90",2026-08
747265033769218,3202602751,9,2026-07-28 21:30:00,3.0,0,Normal,"1-14, idle<=90",2026-08
732654683359494,3212813586,10,2026-07-29 21:00:00,2.0,0,Normal,"1-14, idle<=90",2026-08
725542328160514,3222919120,6,2026-07-29 22:00:00,2.0,0,Normal,"1-14, idle<=90",2026-08
731043908034822,3223612240,9,2026-07-29 21:30:00,2.0,0,Normal,"1-14, idle<=90",2026-08
583250976975120,3224525550,12,2026-07-28 21:30:00,3.0,0,Normal,"1-14, idle<=90",2026-08
726795404906760,3224853419,6,2026-07-29 17:30:00,2.0,0,Normal,"1-14, idle<=90",2026-08
684101888717056,3224902126,10,2026-07-28 20:30:00,3.0,0,Normal,"1-14, idle<=90",2026-08
684101739270404,3224939632,10,2026-07-28 20:30:00,3.0,0,Normal,"1-14, idle<=90",2026-08
731929659236614,3228391207,14,2026-07-24 20:30:00,7.0,0,Normal,"1-14, idle<=90",2026-08
694179437175040,3229959313,6,2026-07-29 17:30:00,2.0,0,Normal,"1-14, idle<=90",2026-08
727132735322376,3233589097,7,2026-07-27 17:30:00,4.0,0,Normal,"1-14, idle<=90",2026-08
708204856615168,3234408578,8,2026-07-29 19:00:00,2.0,0,Normal,"1-14, idle<=90",2026-08
585765465307406,3238606168,8,2026-07-29 11:00:00,2.0,0,Normal,"1-14, idle<=90",2026-08
731727740702982,3239825171,11,2026-07-24 19:00:00,7.0,0,Normal,"1-14, idle<=90",2026-08
731757633143048,3241097818,10,2026-07-29 10:30:00,2.0,0,Normal,"1-14, idle<=90",2026-08
728333170424066,3242875467,10,2026-07-29 21:30:00,2.0,0,Normal,"1-14, idle<=90",2026-08
746043700173064,3243779799,8,2026-07-27 22:00:00,4.0,0,Normal,"1-14, idle<=90",2026-08
729408007913730,3243962420,14,2026-07-28 17:00:00,3.0,0,Normal,"1-14, idle<=90",2026-08
726427722883330,3248757238,13,2026-07-28 15:00:00,3.0,0,Normal,"1-14, idle<=90",2026-08
732932567994626,3251658324,14,2026-07-27 18:30:00,4.0,0,Normal,"1-14, idle<=90",2026-08
736124095920390,3252208107,14,2026-07-28 12:00:00,3.0,0,Normal,"1-14, idle<=90",2026-08
574974480197904,3254495092,1,2026-07-24 21:30:00,7.0,0,Normal,"1-14, idle<=90",2026-08
699673742463232,3259080581,12,2026-07-29 15:30:00,2.0,0,Normal,"1-14, idle<=90",2026-08
694568458836228,3263021053,10,2026-07-26 20:30:00,5.0,0,Normal,"1-14, idle<=90",2026-08
751055138220294,3263629262,10,2026-07-29 11:30:00,2.0,0,Normal,"1-14, idle<=90",2026-08
684461653735680,3265298485,9,2026-07-29 17:30:00,2.0,0,Normal,"1-14, idle<=90",2026-08
726754402027782,3265899862,7,2026-07-29 12:30:00,2.0,0,Normal,"1-14, idle<=90",2026-08
732439814865160,3267274471,9,2026-07-28 20:00:00,3.0,0,Normal,"1-14, idle<=90",2026-08
732108144402694,3267487869,12,2026-07-28 19:00:00,3.0,0,Normal,"1-14, idle<=90",2026-08
749744520530184,3267648337,5,2026-07-27 15:00:00,4.0,0,Normal,"1-14, idle<=90",2026-08
732062260824322,3268025042,14,2026-07-29 18:30:00,2.0,0,Normal,"1-14, idle<=90",2026-08
693532876671232,3268129413,10,2026-07-28 18:30:00,3.0,0,Normal,"1-14, idle<=90",2026-08
691034242093312,3269092356,10,2026-07-29 21:00:00,2.0,0,Normal,"1-14, idle<=90",2026-08
681357851828480,3269492677,12,2026-07-29 18:30:00,2.0,0,Normal,"1-14, idle<=90",2026-08
669278210947332,3269578127,9,2026-07-29 16:30:00,2.0,0,Normal,"1-14, idle<=90",2026-08
619399771201792,3269623909,3,2026-07-26 22:00:00,5.0,0,Normal,"1-14, idle<=90",2026-08
747988010684674,3270105568,7,2026-07-28 21:30:00,3.0,0,Normal,"1-14, idle<=90",2026-08
695154503209216,3270130290,7,2026-07-25 14:00:00,6.0,0,Normal,"1-14, idle<=90",2026-08
749223381170440,3270238462,11,2026-07-26 12:00:00,5.0,0,Normal,"1-14, idle<=90",2026-08
724130631446784,3270365858,9,2026-07-28 19:30:00,3.0,0,Normal,"1-14, idle<=90",2026-08
732642080678146,3270948207,13,2026-07-29 16:00:00,2.0,0,Normal,"1-14, idle<=90",2026-08
698430306885888,3270992796,13,2026-07-29 16:00:00,2.0,0,Normal,"1-14, idle<=90",2026-08
674951120949506,3271497915,14,2026-07-26 20:00:00,5.0,0,Normal,"1-14, idle<=90",2026-08
731599992883464,3271654287,12,2026-07-29 21:30:00,2.0,0,Normal,"1-14, idle<=90",2026-08
731173634476294,3271790705,12,2026-07-29 21:00:00,2.0,0,Normal,"1-14, idle<=90",2026-08
689052670492930,3272543732,9,2026-07-29 19:30:00,2.0,0,Normal,"1-14, idle<=90",2026-08
671272076140804,3272622755,14,2026-07-26 13:00:00,5.0,0,Normal,"1-14, idle<=90",2026-08
723198305902848,3272635217,14,2026-07-28 22:00:00,3.0,0,Normal,"1-14, idle<=90",2026-08
726619812034818,3272771303,11,2026-07-26 17:00:00,5.0,0,Normal,"1-14, idle<=90",2026-08
673032989210884,3272992337,11,2026-07-27 21:00:00,4.0,0,Normal,"1-14, idle<=90",2026-08
741080522600712,3273115680,5,2026-07-29 22:00:00,2.0,0,Normal,"1-14, idle<=90",2026-08
726389734461702,3273151710,9,2026-07-27 17:30:00,4.0,0,Normal,"1-14, idle<=90",2026-08
725896189450498,3273627060,13,2026-07-28 11:00:00,3.0,0,Normal,"1-14, idle<=90",2026-08
687109351284996,3273643995,9,2026-07-29 21:30:00,2.0,0,Normal,"1-14, idle<=90",2026-08
732124429209864,3273909497,10,2026-07-27 21:00:00,4.0,0,Normal,"1-14, idle<=90",2026-08
731694408931590,3274381695,14,2026-07-29 18:00:00,2.0,0,Normal,"1-14, idle<=90",2026-08
712453858681088,3274483645,11,2026-07-26 17:00:00,5.0,0,Normal,"1-14, idle<=90",2026-08
679714250232066,3275582134,14,2026-07-26 21:30:00,5.0,0,Normal,"1-14, idle<=90",2026-08
691525187877120,3275925096,10,2026-07-26 17:00:00,5.0,0,Normal,"1-14, idle<=90",2026-08
701999638898948,3276230906,9,2026-07-24 21:00:00,7.0,0,Normal,"1-14, idle<=90",2026-08
669427113535748,3276555475,8,2026-07-27 16:00:00,4.0,0,Normal,"1-14, idle<=90",2026-08
697897418213636,3276643405,12,2026-07-29 21:30:00,2.0,0,Normal,"1-14, idle<=90",2026-08
701828171700482,3276659215,14,2026-07-28 17:30:00,3.0,0,Normal,"1-14, idle<=90",2026-08
731342515118342,3276875381,13,2026-07-27 17:00:00,4.0,0,Normal,"1-14, idle<=90",2026-08
702194033502464,3277972623,12,2026-07-28 17:00:00,3.0,0,Normal,"1-14, idle<=90",2026-08
727108546459910,3278446051,9,2026-07-28 20:30:00,3.0,0,Normal,"1-14, idle<=90",2026-08
724100454682882,3278764457,10,2026-07-28 22:00:00,3.0,0,Normal,"1-14, idle<=90",2026-08
705370939537664,3278960830,8,2026-07-28 13:30:00,3.0,0,Normal,"1-14, idle<=90",2026-08
726438437460232,3279198909,14,2026-07-29 12:00:00,2.0,0,Normal,"1-14, idle<=90",2026-08
711564116672770,3279455189,9,2026-07-29 21:00:00,2.0,0,Normal,"1-14, idle<=90",2026-08
705689111144708,3279988197,12,2026-07-25 18:00:00,6.0,0,Normal,"1-14, idle<=90",2026-08
705365663533312,3280277153,11,2026-07-29 16:00:00,2.0,0,Normal,"1-14, idle<=90",2026-08
698087964338432,3280327216,9,2026-07-27 18:30:00,4.0,0,Normal,"1-14, idle<=90",2026-08
714705207570688,3280818772,9,2026-07-29 20:30:00,2.0,0,Normal,"1-14, idle<=90",2026-08
670995786909954,3281024916,12,2026-07-28 21:00:00,3.0,0,Normal,"1-14, idle<=90",2026-08
685580677492994,3281112638,14,2026-07-23 21:30:00,8.0,0,Normal,"1-14, idle<=90",2026-08
727499131965702,3281265325,10,2026-07-29 21:30:00,2.0,0,Normal,"1-14, idle<=90",2026-08
727527910945032,3281568279,9,2026-07-27 21:00:00,4.0,0,Normal,"1-14, idle<=90",2026-08
688393523466500,3281838460,3,2026-07-28 01:00:00,3.0,0,Normal,"1-14, idle<=90",2026-08
729037630664962,3281974075,7,2026-07-28 21:30:00,3.0,0,Normal,"1-14, idle<=90",2026-08
708496734324994,3282071803,4,2026-07-29 21:00:00,2.0,0,Normal,"1-14, idle<=90",2026-08
731725634251016,3282354478,12,2026-07-26 21:30:00,5.0,0,Normal,"1-14, idle<=90",2026-08
750270360295688,3282399353,12,2026-07-28 17:30:00,3.0,0,Normal,"1-14, idle<=90",2026-08
731338578047234,3282712369,8,2026-07-28 21:30:00,3.0,0,Normal,"1-14, idle<=90",2026-08
727142458106114,3282785494,9,2026-07-27 20:00:00,4.0,0,Normal,"1-14, idle<=90",2026-08
715803740219652,3282858304,11,2026-07-29 22:00:00,2.0,0,Normal,"1-14, idle<=90",2026-08
687476158548224,3282935712,9,2026-07-24 20:00:00,7.0,0,Normal,"1-14, idle<=90",2026-08
686573271654660,3283069243,10,2026-07-22 21:00:00,9.0,0,Normal,"1-14, idle<=90",2026-08
716530402887940,3283312274,9,2026-07-29 22:00:00,2.0,0,Normal,"1-14, idle<=90",2026-08
685531341826304,3283447351,12,2026-07-29 19:00:00,2.0,0,Normal,"1-14, idle<=90",2026-08
759029201742086,3283680403,5,2026-07-25 17:00:00,6.0,0,Normal,"1-14, idle<=90",2026-08
691920344744194,3283729946,11,2026-07-27 21:30:00,4.0,0,Normal,"1-14, idle<=90",2026-08
689496715065602,3283940861,13,2026-07-28 10:00:00,3.0,0,Normal,"1-14, idle<=90",2026-08
686980749998336,3284486747,13,2026-07-26 21:30:00,5.0,0,Normal,"1-14, idle<=90",2026-08
692969772630276,3284633338,13,2026-07-27 18:30:00,4.0,0,Normal,"1-14, idle<=90",2026-08
731774591822086,3284753942,12,2026-07-27 18:30:00,4.0,0,Normal,"1-14, idle<=90",2026-08
732946016033032,3285212104,12,2026-07-27 21:00:00,4.0,0,Normal,"1-14, idle<=90",2026-08
732433201385736,3285578314,14,2026-07-28 19:00:00,3.0,0,Normal,"1-14, idle<=90",2026-08
725533401039106,3285578501,13,2026-07-28 19:00:00,3.0,0,Normal,"1-14, idle<=90",2026-08
733162620152066,3285664103,6,2026-07-29 18:30:00,2.0,0,Normal,"1-14, idle<=90",2026-08
731693900665090,3285765824,12,2026-07-27 18:30:00,4.0,0,Normal,"1-14, idle<=90",2026-08
698956005370116,3285765838,12,2026-07-28 19:30:00,3.0,0,Normal,"1-14, idle<=90",2026-08
732459139535112,3285966869,11,2026-07-28 21:30:00,3.0,0,Normal,"1-14, idle<=90",2026-08
711435543181568,3286152525,7,2026-07-27 21:00:00,4.0,0,Normal,"1-14, idle<=90",2026-08
734205099245832,3286367689,5,2026-07-28 11:30:00,3.0,0,Normal,"1-14, idle<=90",2026-08
701485521115392,3286847698,12,2026-07-24 23:00:00,7.0,0,Normal,"1-14, idle<=90",2026-08
681262394005760,3287012072,8,2026-07-25 19:00:00,6.0,0,Normal,"1-14, idle<=90",2026-08
697241778690304,3287024361,14,2026-07-13 16:30:00,18.0,1,Frozen,"1-14, idle<=90",2026-08
742597796454658,3287065302,12,2026-07-23 21:00:00,8.0,0,Normal,"1-14, idle<=90",2026-08
673180674056452,3287234372,8,2026-07-29 21:00:00,2.0,0,Normal,"1-14, idle<=90",2026-08
668746038098178,3287330351,13,2026-07-12 10:30:00,19.0,1,Frozen,"1-14, idle<=90",2026-08
673182886547716,3288174847,14,2026-07-27 11:00:00,4.0,0,Normal,"1-14, idle<=90",2026-08
681978593581316,3288408028,9,2026-07-22 19:00:00,9.0,1,Frozen,"1-14, idle<=90",2026-08
733693930326280,3288530498,13,2026-07-28 19:30:00,3.0,0,Normal,"1-14, idle<=90",2026-08
747341901644038,3288971612,8,2026-07-25 11:30:00,6.0,0,Normal,"1-14, idle<=90",2026-08
697187077136642,3289589434,12,2026-07-25 18:00:00,6.0,0,Normal,"1-14, idle<=90",2026-08
688904576549124,3289620065,12,2026-07-28 19:30:00,3.0,0,Normal,"1-14, idle<=90",2026-08
715122851356930,3289882257,6,2026-07-27 21:00:00,4.0,0,Normal,"1-14, idle<=90",2026-08
741821998313734,3290064491,12,2026-07-26 17:00:00,5.0,0,Normal,"1-14, idle<=90",2026-08
731402718456072,3290200143,11,2026-07-28 18:30:00,3.0,0,Normal,"1-14, idle<=90",2026-08
749781732311298,3290329652,11,2026-07-28 19:30:00,3.0,0,Normal,"1-14, idle<=90",2026-08
679377977663744,3290933342,3,2026-07-28 16:30:00,3.0,0,Normal,"1-14, idle<=90",2026-08
686791195504900,3290998844,7,2026-07-29 21:30:00,2.0,0,Normal,"1-14, idle<=90",2026-08
712816077519106,3291040797,8,2026-07-26 20:30:00,5.0,0,Normal,"1-14, idle<=90",2026-08
698428997509380,3291149247,6,2026-07-27 18:30:00,4.0,0,Normal,"1-14, idle<=90",2026-08
732066351315206,3291166477,8,2026-07-29 14:00:00,2.0,0,Normal,"1-14, idle<=90",2026-08
716347066564868,3291502148,12,2026-07-28 21:00:00,3.0,0,Normal,"1-14, idle<=90",2026-08
737352640119048,3291661616,7,2026-07-23 21:30:00,8.0,0,Normal,"1-14, idle<=90",2026-08
681094747810050,3291712185,9,2026-07-24 21:30:00,7.0,0,Normal,"1-14, idle<=90",2026-08
750449195458818,3291912365,10,2026-07-28 18:30:00,3.0,0,Normal,"1-14, idle<=90",2026-08
732789013213448,3292053563,14,2026-07-28 14:00:00,3.0,0,Normal,"1-14, idle<=90",2026-08
702675291123972,3292061386,6,2026-07-27 17:00:00,4.0,0,Normal,"1-14, idle<=90",2026-08
748687088943368,3292105246,13,2026-07-24 21:00:00,7.0,0,Normal,"1-14, idle<=90",2026-08
709627018064128,3292167514,12,2026-07-28 15:00:00,3.0,0,Normal,"1-14, idle<=90",2026-08
713822100506880,3292277957,10,2026-07-27 17:00:00,4.0,0,Normal,"1-14, idle<=90",2026-08
688522298134786,3292323632,10,2026-07-29 16:00:00,2.0,0,Normal,"1-14, idle<=90",2026-08
699007989725444,3292346056,10,2026-07-28 19:30:00,3.0,0,Normal,"1-14, idle<=90",2026-08
746220022475010,3292395902,7,2026-07-28 19:00:00,3.0,0,Normal,"1-14, idle<=90",2026-08
683243875166464,3292437494,10,2026-07-28 18:30:00,3.0,0,Normal,"1-14, idle<=90",2026-08
718153957939458,3292455355,12,2026-07-28 21:00:00,3.0,0,Normal,"1-14, idle<=90",2026-08
727991849328898,3292965385,14,2026-07-27 21:30:00,4.0,0,Normal,"1-14, idle<=90",2026-08
688216213915908,3293145886,10,2026-07-26 18:30:00,5.0,0,Normal,"1-14, idle<=90",2026-08
686039608353024,3293226669,10,2026-07-27 21:00:00,4.0,0,Normal,"1-14, idle<=90",2026-08
735103501672712,3293428054,8,2026-07-24 11:30:00,7.0,0,Normal,"1-14, idle<=90",2026-08
696133593745664,3293508898,7,2026-07-27 21:00:00,4.0,0,Normal,"1-14, idle<=90",2026-08
696133722165508,3293529486,12,2026-07-29 19:30:00,2.0,0,Normal,"1-14, idle<=90",2026-08
688198652356866,3293570327,11,2026-07-17 21:30:00,14.0,1,Frozen,"1-14, idle<=90",2026-08
692801777645824,3293651939,14,2026-07-27 21:30:00,4.0,0,Normal,"1-14, idle<=90",2026-08
724136366461188,3293700843,8,2026-07-29 21:00:00,2.0,0,Normal,"1-14, idle<=90",2026-08
722676631001346,3293757013,10,2026-07-28 20:00:00,3.0,0,Normal,"1-14, idle<=90",2026-08
740007764234498,3294030668,10,2026-07-28 17:00:00,3.0,0,Normal,"1-14, idle<=90",2026-08
732598660286722,3294105299,11,2026-07-27 22:00:00,4.0,0,Normal,"1-14, idle<=90",2026-08
698996409483522,3294107646,9,2026-07-28 19:00:00,3.0,0,Normal,"1-14, idle<=90",2026-08
689763238330626,3294146056,13,2026-07-27 21:00:00,4.0,0,Normal,"1-14, idle<=90",2026-08
708907468185860,3294202481,9,2026-07-24 21:00:00,7.0,0,Normal,"1-14, idle<=90",2026-08
690816567175428,3294244282,6,2026-07-27 22:00:00,4.0,0,Normal,"1-14, idle<=90",2026-08
692089391563010,3294381596,11,2026-07-29 21:30:00,2.0,0,Normal,"1-14, idle<=90",2026-08
689283035494656,3294452420,14,2026-07-28 22:30:00,3.0,0,Normal,"1-14, idle<=90",2026-08
711731359418628,3294453270,9,2026-07-29 21:30:00,2.0,0,Normal,"1-14, idle<=90",2026-08
731520142168326,3294644281,11,2026-07-28 18:30:00,3.0,0,Normal,"1-14, idle<=90",2026-08
745907658488066,3294662593,9,2026-07-29 21:30:00,2.0,0,Normal,"1-14, idle<=90",2026-08
690020354380034,3294662896,8,2026-07-25 19:30:00,6.0,0,Normal,"1-14, idle<=90",2026-08
751900664367366,3294725757,14,2026-07-27 21:00:00,4.0,0,Normal,"1-14, idle<=90",2026-08
705426717495554,3294841446,7,2026-07-29 18:00:00,2.0,0,Normal,"1-14, idle<=90",2026-08
726938776058118,3294875094,9,2026-07-25 08:00:00,6.0,0,Normal,"1-14, idle<=90",2026-08
738249071200520,3294875605,14,2026-07-25 21:00:00,6.0,0,Normal,"1-14, idle<=90",2026-08
727878735864072,3294876659,6,2026-07-28 19:30:00,3.0,0,Normal,"1-14, idle<=90",2026-08
737012742721794,3294939178,7,2026-07-27 22:00:00,4.0,0,Normal,"1-14, idle<=90",2026-08
692128473286916,3294999547,8,2026-07-24 17:00:00,7.0,0,Normal,"1-14, idle<=90",2026-08
691056458359040,3295025923,11,2026-07-27 23:00:00,4.0,0,Normal,"1-14, idle<=90",2026-08
692075425659140,3295185782,12,2026-07-28 21:30:00,3.0,0,Normal,"1-14, idle<=90",2026-08
691700918878464,3295249139,13,2026-07-26 08:00:00,5.0,0,Normal,"1-14, idle<=90",2026-08
729408551164168,3295331438,9,2026-07-27 19:00:00,4.0,0,Normal,"1-14, idle<=90",2026-08
723939914043648,3295339578,10,2026-07-25 20:30:00,6.0,0,Normal,"1-14, idle<=90",2026-08
726793061116162,3295430097,9,2026-07-28 21:00:00,3.0,0,Normal,"1-14, idle<=90",2026-08
693128691501312,3295514247,13,2026-07-24 21:00:00,7.0,0,Normal,"1-14, idle<=90",2026-08
715238705303810,3295641166,7,2026-07-29 21:00:00,2.0,0,Normal,"1-14, idle<=90",2026-08
693647219114240,3295666346,12,2026-07-28 17:00:00,3.0,0,Normal,"1-14, idle<=90",2026-08
693335493675266,3295720097,14,2026-07-28 18:00:00,3.0,0,Normal,"1-14, idle<=90",2026-08
700725217329410,3295720178,13,2026-07-25 20:00:00,6.0,0,Normal,"1-14, idle<=90",2026-08
721707101763840,3295732481,7,2026-07-29 20:30:00,2.0,0,Normal,"1-14, idle<=90",2026-08
693302125269250,3295795041,12,2026-07-23 16:30:00,8.0,0,Normal,"1-14, idle<=90",2026-08
694405121675524,3295818728,4,2026-07-29 22:30:00,2.0,0,Normal,"1-14, idle<=90",2026-08
693705659070720,3295889766,9,2026-07-28 17:30:00,3.0,0,Normal,"1-14, idle<=90",2026-08
724854160761090,3295900399,14,2026-07-27 22:30:00,4.0,0,Normal,"1-14, idle<=90",2026-08
720388146114818,3295975415,6,2026-07-29 21:30:00,2.0,0,Normal,"1-14, idle<=90",2026-08
716168814459140,3296041392,14,2026-07-17 21:00:00,14.0,0,Normal,"1-14, idle<=90",2026-08
694413607270658,3296064115,12,2026-07-28 21:30:00,3.0,0,Normal,"1-14, idle<=90",2026-08
693866462134530,3296088928,10,2026-07-23 13:00:00,8.0,0,Normal,"1-14, idle<=90",2026-08
694588946788612,3296115635,7,2026-07-26 21:00:00,5.0,0,Normal,"1-14, idle<=90",2026-08
694714712664320,3296115853,9,2026-07-29 21:30:00,2.0,0,Normal,"1-14, idle<=90",2026-08
732125177358594,3296156065,10,2026-07-29 11:00:00,2.0,0,Normal,"1-14, idle<=90",2026-08
694576282075392,3296272198,9,2026-07-24 21:30:00,7.0,0,Normal,"1-14, idle<=90",2026-08
748528541128962,3296300077,11,2026-07-29 22:00:00,2.0,0,Normal,"1-14, idle<=90",2026-08
695663303272708,3296300610,6,2026-07-25 18:30:00,6.0,0,Normal,"1-14, idle<=90",2026-08
695286574686466,3296356426,9,2026-07-26 08:30:00,5.0,0,Normal,"1-14, idle<=90",2026-08
721265302003968,3296377323,10,2026-07-28 17:00:00,3.0,0,Normal,"1-14, idle<=90",2026-08
731965382691078,3296510673,10,2026-07-28 19:30:00,3.0,0,Normal,"1-14, idle<=90",2026-08
725915385979144,3296521225,7,2026-07-29 19:00:00,2.0,0,Normal,"1-14, idle<=90",2026-08
720241552263424,3296558969,11,2026-07-27 20:30:00,4.0,0,Normal,"1-14, idle<=90",2026-08
696477114736896,3296689658,7,2026-07-25 18:00:00,6.0,0,Normal,"1-14, idle<=90",2026-08
696706335228160,3296696253,11,2026-07-26 11:00:00,5.0,0,Normal,"1-14, idle<=90",2026-08
696175371835648,3296703179,11,2026-07-28 15:00:00,3.0,0,Normal,"1-14, idle<=90",2026-08
716655596658946,3296890246,11,2026-07-28 21:30:00,3.0,0,Normal,"1-14, idle<=90",2026-08
711555354587392,3296899272,11,2026-07-29 16:00:00,2.0,0,Normal,"1-14, idle<=90",2026-08
699208698708224,3296926374,9,2026-07-29 20:30:00,2.0,0,Normal,"1-14, idle<=90",2026-08
697409599795460,3296976544,11,2026-07-29 21:00:00,2.0,0,Normal,"1-14, idle<=90",2026-08
727837745389826,3297052678,11,2026-07-27 16:00:00,4.0,0,Normal,"1-14, idle<=90",2026-08
729126721947910,3297061967,10,2026-07-29 21:30:00,2.0,0,Normal,"1-14, idle<=90",2026-08
697935296254212,3297066021,12,2026-07-27 19:30:00,4.0,0,Normal,"1-14, idle<=90",2026-08
724121449394432,3297088185,10,2026-07-23 21:30:00,8.0,1,Frozen,"1-14, idle<=90",2026-08
697458296590592,3297117886,14,2026-07-26 19:00:00,5.0,0,Normal,"1-14, idle<=90",2026-08
697944462354688,3297146717,10,2026-07-28 21:00:00,3.0,0,Normal,"1-14, idle<=90",2026-08
697725752334594,3297189512,8,2026-07-27 21:00:00,4.0,0,Normal,"1-14, idle<=90",2026-08
698640907925764,3297417223,12,2026-07-26 17:30:00,5.0,0,Normal,"1-14, idle<=90",2026-08
698297622905088,3297433865,11,2026-07-28 21:00:00,3.0,0,Normal,"1-14, idle<=90",2026-08
722533155887360,3297482947,5,2026-07-29 16:30:00,2.0,0,Normal,"1-14, idle<=90",2026-08
715610470668544,3297491677,10,2026-07-27 11:00:00,4.0,0,Normal,"1-14, idle<=90",2026-08
698288496050432,3297497209,5,2026-07-28 23:00:00,3.0,0,Normal,"1-14, idle<=90",2026-08
700593054748932,3297532349,14,2026-07-23 17:00:00,8.0,0,Normal,"1-14, idle<=90",2026-08
708917727097092,3297536790,14,2026-07-28 21:30:00,3.0,0,Normal,"1-14, idle<=90",2026-08
731341178945794,3297633793,12,2026-07-28 19:30:00,3.0,0,Normal,"1-14, idle<=90",2026-08
737883442657542,3297712396,2,2026-07-29 21:30:00,2.0,0,Normal,"1-14, idle<=90",2026-08
725684802251014,3297738722,14,2026-07-29 19:30:00,2.0,0,Normal,"1-14, idle<=90",2026-08
699720305955072,3297838188,6,2026-07-29 22:30:00,2.0,0,Normal,"1-14, idle<=90",2026-08
700761763766528,3297882656,10,2026-07-29 18:00:00,2.0,0,Normal,"1-14, idle<=90",2026-08
727091942748422,3297898719,9,2026-07-26 20:00:00,5.0,0,Normal,"1-14, idle<=90",2026-08
700075036569858,3297907143,14,2026-07-27 18:30:00,4.0,0,Normal,"1-14, idle<=90",2026-08
703921079023872,3297989182,9,2026-07-29 20:30:00,2.0,0,Normal,"1-14, idle<=90",2026-08
734227494955266,3297989209,14,2026-07-28 21:30:00,3.0,0,Normal,"1-14, idle<=90",2026-08
700948275011842,3298145034,11,2026-07-29 13:00:00,2.0,0,Normal,"1-14, idle<=90",2026-08
700786625386754,3298145048,12,2026-07-28 19:30:00,3.0,0,Normal,"1-14, idle<=90",2026-08
701484961962242,3298145260,4,2026-07-29 19:30:00,2.0,0,Normal,"1-14, idle<=90",2026-08
732084802664710,3298145464,11,2026-07-29 19:00:00,2.0,0,Normal,"1-14, idle<=90",2026-08
701492060498180,3298146560,9,2026-07-29 18:00:00,2.0,0,Normal,"1-14, idle<=90",2026-08
752973087873282,3298220875,11,2026-07-28 21:00:00,3.0,0,Normal,"1-14, idle<=90",2026-08
701654631053568,3298281284,14,2026-07-28 19:00:00,3.0,0,Normal,"1-14, idle<=90",2026-08
701331360495872,3298330508,7,2026-07-25 17:30:00,6.0,0,Normal,"1-14, idle<=90",2026-08
747853662294278,3298366047,13,2026-07-26 22:30:00,5.0,0,Normal,"1-14, idle<=90",2026-08
702336046758144,3298503851,12,2026-07-25 21:00:00,6.0,0,Normal,"1-14, idle<=90",2026-08
701608843018500,3298554111,9,2026-07-29 02:30:00,2.0,0,Normal,"1-14, idle<=90",2026-08
750494073184520,3298595773,13,2026-07-27 20:00:00,4.0,0,Normal,"1-14, idle<=90",2026-08
734393463030018,3298723741,14,2026-07-28 13:00:00,3.0,0,Normal,"1-14, idle<=90",2026-08
702524181549312,3298763760,12,2026-07-29 19:00:00,2.0,0,Normal,"1-14, idle<=90",2026-08
750150688516360,3298826584,11,2026-07-29 19:30:00,2.0,0,Normal,"1-14, idle<=90",2026-08
702411092289794,3298847985,13,2026-07-27 18:00:00,4.0,0,Normal,"1-14, idle<=90",2026-08
706788014225664,3298925102,9,2026-07-29 18:00:00,2.0,0,Normal,"1-14, idle<=90",2026-08
703253580507392,3298926008,14,2026-07-29 17:30:00,2.0,0,Normal,"1-14, idle<=90",2026-08
723046372083968,3298927389,12,2026-07-28 19:00:00,3.0,0,Normal,"1-14, idle<=90",2026-08
723748795287810,3299189351,10,2026-07-29 18:30:00,2.0,0,Normal,"1-14, idle<=90",2026-08
703922500804864,3299257042,7,2026-07-29 18:00:00,2.0,0,Normal,"1-14, idle<=90",2026-08
746563348877576,3299417406,8,2026-07-28 21:00:00,3.0,0,Normal,"1-14, idle<=90",2026-08
706406263097602,3299483489,11,2026-07-28 21:30:00,3.0,0,Normal,"1-14, idle<=90",2026-08
714559639869700,3299717265,7,2026-07-29 22:30:00,2.0,0,Normal,"1-14, idle<=90",2026-08
720933854681344,3299808968,5,2026-07-29 17:30:00,2.0,0,Normal,"1-14, idle<=90",2026-08
737886104447238,3299827357,13,2026-07-28 17:30:00,3.0,0,Normal,"1-14, idle<=90",2026-08
746568641726728,3299900813,10,2026-07-28 18:30:00,3.0,0,Normal,"1-14, idle<=90",2026-08
747267756605702,3299917868,9,2026-07-28 21:00:00,3.0,0,Normal,"1-14, idle<=90",2026-08
728011185160450,3299938189,13,2026-07-27 13:30:00,4.0,0,Normal,"1-14, idle<=90",2026-08
726986240628998,3300008093,10,2026-07-27 21:30:00,4.0,0,Normal,"1-14, idle<=90",2026-08
744834521569544,3300085694,12,2026-07-26 21:00:00,5.0,0,Normal,"1-14, idle<=90",2026-08
748681149788422,3300092694,12,2026-07-27 22:00:00,4.0,0,Normal,"1-14, idle<=90",2026-08
709749740572930,3300099769,6,2026-07-28 11:00:00,3.0,0,Normal,"1-14, idle<=90",2026-08
710634934694148,3300158877,8,2026-07-25 12:00:00,6.0,0,Normal,"1-14, idle<=90",2026-08
728422216091910,3300226955,7,2026-07-25 19:00:00,6.0,0,Normal,"1-14, idle<=90",2026-08
748540902367496,3300296806,7,2026-07-27 17:00:00,4.0,0,Normal,"1-14, idle<=90",2026-08
727493089523970,3300360507,8,2026-07-29 21:30:00,2.0,0,Normal,"1-14, idle<=90",2026-08
737553224984834,3300378202,14,2026-07-29 17:00:00,2.0,0,Normal,"1-14, idle<=90",2026-08
720933546033410,3300404038,7,2026-07-29 21:00:00,2.0,0,Normal,"1-14, idle<=90",2026-08
726902083315976,3300427127,10,2026-07-28 22:30:00,3.0,0,Normal,"1-14, idle<=90",2026-08
726418402842882,3300431364,11,2026-07-27 22:00:00,4.0,0,Normal,"1-14, idle<=90",2026-08
714402833211648,3300492869,14,2026-07-28 22:00:00,3.0,0,Normal,"1-14, idle<=90",2026-08
725189538605320,3300633376,7,2026-07-29 16:00:00,2.0,0,Normal,"1-14, idle<=90",2026-08
712591141767428,3300633804,7,2026-07-29 20:30:00,2.0,0,Normal,"1-14, idle<=90",2026-08
712591233843458,3300640201,6,2026-07-28 22:00:00,3.0,0,Normal,"1-14, idle<=90",2026-08
726794450829576,3300800559,7,2026-07-29 21:30:00,2.0,0,Normal,"1-14, idle<=90",2026-08
725002129344770,3300889786,9,2026-07-25 20:30:00,6.0,0,Normal,"1-14, idle<=90",2026-08
710156498077954,3300934301,6,2026-07-29 22:00:00,2.0,0,Normal,"1-14, idle<=90",2026-08
710464297974018,3300999000,12,2026-07-11 20:30:00,20.0,1,Frozen,"1-14, idle<=90",2026-08
742671557943560,3301052235,11,2026-07-27 20:30:00,4.0,0,Normal,"1-14, idle<=90",2026-08
727638297659650,3301082698,6,2026-07-28 19:00:00,3.0,0,Normal,"1-14, idle<=90",2026-08
732095279675656,3301476250,13,2026-07-25 12:00:00,6.0,0,Normal,"1-14, idle<=90",2026-08
712792800538880,3301642036,5,2026-07-27 20:30:00,4.0,0,Normal,"1-14, idle<=90",2026-08
722498528915716,3301787870,10,2026-07-28 00:00:00,4.0,0,Normal,"1-14, idle<=90",2026-08
749075175248130,3301789092,11,2026-07-27 15:00:00,4.0,0,Normal,"1-14, idle<=90",2026-08
714351789748482,3301802778,11,2026-07-27 22:00:00,4.0,0,Normal,"1-14, idle<=90",2026-08
727128771672322,3301847092,14,2026-07-28 21:00:00,3.0,0,Normal,"1-14, idle<=90",2026-08
716829968304384,3301976076,12,2026-07-29 16:30:00,2.0,0,Normal,"1-14, idle<=90",2026-08
714393478029568,3301977673,10,2026-07-29 23:30:00,2.0,0,Normal,"1-14, idle<=90",2026-08
716887924324610,3302123357,11,2026-07-25 21:00:00,6.0,0,Normal,"1-14, idle<=90",2026-08
718084585642242,3302184296,2,2026-07-29 20:30:00,2.0,0,Normal,"1-14, idle<=90",2026-08
717049916229890,3302333576,8,2026-07-26 09:30:00,5.0,0,Normal,"1-14, idle<=90",2026-08
747663095349510,3302383080,7,2026-07-28 21:30:00,3.0,0,Normal,"1-14, idle<=90",2026-08
715857304961282,3302423069,7,2026-07-29 18:00:00,2.0,0,Normal,"1-14, idle<=90",2026-08
715983822268676,3302459052,8,2026-07-28 19:00:00,3.0,0,Normal,"1-14, idle<=90",2026-08
717552053645568,3302575548,8,2026-07-28 20:00:00,3.0,0,Normal,"1-14, idle<=90",2026-08
716656307751168,3302610679,6,2026-07-29 19:30:00,2.0,0,Normal,"1-14, idle<=90",2026-08
740050267773190,3302652600,6,2026-07-23 21:30:00,8.0,0,Normal,"1-14, idle<=90",2026-08
751388689623298,3302691840,10,2026-07-29 11:00:00,2.0,0,Normal,"1-14, idle<=90",2026-08
741283034841352,3302692573,6,2026-07-26 19:00:00,5.0,0,Normal,"1-14, idle<=90",2026-08
724652447236354,3302693177,6,2026-07-28 20:00:00,3.0,0,Normal,"1-14, idle<=90",2026-08
717097392505092,3302706046,10,2026-07-21 21:00:00,10.0,0,Normal,"1-14, idle<=90",2026-08
731926157807880,3302806567,14,2026-07-27 20:30:00,4.0,0,Normal,"1-14, idle<=90",2026-08
741667437435142,3302807341,12,2026-07-24 21:30:00,7.0,0,Normal,"1-14, idle<=90",2026-08
733132442384642,3302856226,14,2026-07-29 17:00:00,2.0,0,Normal,"1-14, idle<=90",2026-08
723939718816002,3302863491,12,2026-07-29 18:30:00,2.0,0,Normal,"1-14, idle<=90",2026-08
724090880104704,3302863696,8,2026-07-28 21:30:00,3.0,0,Normal,"1-14, idle<=90",2026-08
740552404971778,3302949005,12,2026-07-26 20:30:00,5.0,0,Normal,"1-14, idle<=90",2026-08
746052092358920,3303002468,7,2026-07-27 10:00:00,4.0,0,Normal,"1-14, idle<=90",2026-08
724286826170628,3303139195,13,2026-07-24 16:30:00,7.0,0,Normal,"1-14, idle<=90",2026-08
758988894861574,3303166107,2,2026-07-28 08:30:00,3.0,0,Normal,"1-14, idle<=90",2026-08
731340094789894,3303237530,7,2026-07-29 20:00:00,2.0,0,Normal,"1-14, idle<=90",2026-08
724318595436802,3303243381,10,2026-07-26 21:00:00,5.0,0,Normal,"1-14, idle<=90",2026-08
728011693125896,3303250407,12,2026-07-29 21:00:00,2.0,0,Normal,"1-14, idle<=90",2026-08
721269366950146,3303293496,3,2026-07-29 18:00:00,2.0,0,Normal,"1-14, idle<=90",2026-08
718950374742274,3303300478,12,2026-07-26 21:00:00,5.0,0,Normal,"1-14, idle<=90",2026-08
749272846975234,3303366087,13,2026-07-28 20:30:00,3.0,0,Normal,"1-14, idle<=90",2026-08
719591573766402,3303420987,9,2026-07-29 21:00:00,2.0,0,Normal,"1-14, idle<=90",2026-08
722880771688704,3303431499,9,2026-07-26 09:30:00,5.0,0,Normal,"1-14, idle<=90",2026-08
720402090033412,3303469219,8,2026-07-28 21:30:00,3.0,0,Normal,"1-14, idle<=90",2026-08
720201795350784,3303472230,12,2026-07-25 21:30:00,6.0,0,Normal,"1-14, idle<=90",2026-08
749033277090056,3303488588,12,2026-07-28 17:30:00,3.0,0,Normal,"1-14, idle<=90",2026-08
724082019674372,3303615507,9,2026-07-24 22:00:00,7.0,0,Normal,"1-14, idle<=90",2026-08
746065692365064,3303625189,8,2026-07-28 21:30:00,3.0,0,Normal,"1-14, idle<=90",2026-08
720373923813634,3303660916,13,2026-07-29 21:30:00,2.0,0,Normal,"1-14, idle<=90",2026-08
720723173968130,3303850844,5,2026-07-28 18:30:00,3.0,0,Normal,"1-14, idle<=90",2026-08
732238455726342,3303874292,7,2026-07-29 19:30:00,2.0,0,Normal,"1-14, idle<=90",2026-08
720932660949252,3303888776,8,2026-07-27 22:30:00,4.0,0,Normal,"1-14, idle<=90",2026-08
723947070128386,3303889345,12,2026-07-28 18:30:00,3.0,0,Normal,"1-14, idle<=90",2026-08
727132564564226,3303889479,14,2026-07-29 18:30:00,2.0,0,Normal,"1-14, idle<=90",2026-08
750982242984198,3303926001,14,2026-07-29 20:00:00,2.0,0,Normal,"1-14, idle<=90",2026-08
721274002944260,3304014230,2,2026-07-29 09:00:00,2.0,0,Normal,"1-14, idle<=90",2026-08
724475968141572,3304024156,12,2026-07-23 16:00:00,8.0,0,Normal,"1-14, idle<=90",2026-08
724346844926210,3304066767,11,2026-07-28 21:00:00,3.0,0,Normal,"1-14, idle<=90",2026-08
722553523902722,3304117442,6,2026-07-27 19:30:00,4.0,0,Normal,"1-14, idle<=90",2026-08
752444116252936,3304124131,14,2026-07-24 18:30:00,7.0,0,Normal,"1-14, idle<=90",2026-08
725371680162050,3304129221,10,2026-07-28 22:30:00,3.0,0,Normal,"1-14, idle<=90",2026-08
731564417745160,3304138994,9,2026-07-29 21:30:00,2.0,0,Normal,"1-14, idle<=90",2026-08
723048277879042,3304170207,10,2026-07-27 10:30:00,4.0,0,Normal,"1-14, idle<=90",2026-08
728689278580994,3304220299,9,2026-07-24 18:30:00,7.0,0,Normal,"1-14, idle<=90",2026-08
724621064470784,3304225376,7,2026-07-28 20:30:00,3.0,0,Normal,"1-14, idle<=90",2026-08
725166693269768,3304237269,8,2026-07-29 21:30:00,2.0,0,Normal,"1-14, idle<=90",2026-08
741301367322882,3304251400,11,2026-07-26 16:30:00,5.0,0,Normal,"1-14, idle<=90",2026-08
746915666008326,3304390612,9,2026-07-29 22:00:00,2.0,0,Normal,"1-14, idle<=90",2026-08
724488197189890,3304443879,10,2026-07-28 20:00:00,3.0,0,Normal,"1-14, idle<=90",2026-08
731089397596418,3304469319,8,2026-07-27 21:30:00,4.0,0,Normal,"1-14, idle<=90",2026-08
748868313063686,3304484669,12,2026-07-26 16:00:00,5.0,0,Normal,"1-14, idle<=90",2026-08
724707117945092,3304500405,9,2026-07-26 21:30:00,5.0,0,Normal,"1-14, idle<=90",2026-08
725332562096392,3304508595,8,2026-07-26 17:00:00,5.0,0,Normal,"1-14, idle<=90",2026-08
725153516882180,3304508621,14,2026-07-29 18:00:00,2.0,0,Normal,"1-14, idle<=90",2026-08
733637361213698,3304619407,14,2026-07-27 21:30:00,4.0,0,Normal,"1-14, idle<=90",2026-08
725380748568840,3304636670,7,2026-07-29 22:30:00,2.0,0,Normal,"1-14, idle<=90",2026-08
746944503030018,3304639130,8,2026-07-27 16:30:00,4.0,0,Normal,"1-14, idle<=90",2026-08
733306411895048,3304670101,12,2026-07-28 21:30:00,3.0,0,Normal,"1-14, idle<=90",2026-08
746597300662534,3304689881,12,2026-07-28 21:00:00,3.0,0,Normal,"1-14, idle<=90",2026-08
724444031693060,3304701534,6,2026-07-29 19:30:00,2.0,0,Normal,"1-14, idle<=90",2026-08
724969591806208,3304701550,11,2026-07-25 20:00:00,6.0,0,Normal,"1-14, idle<=90",2026-08
724629072486656,3304744392,5,2026-07-29 18:30:00,2.0,0,Normal,"1-14, idle<=90",2026-08
726975436693762,3304767623,6,2026-07-28 11:00:00,3.0,0,Normal,"1-14, idle<=90",2026-08
748209556879618,3304787460,11,2026-07-29 11:30:00,2.0,0,Normal,"1-14, idle<=90",2026-08
726580754983170,3304798054,8,2026-07-26 16:00:00,5.0,0,Normal,"1-14, idle<=90",2026-08
725012788613380,3304838060,13,2026-07-25 18:00:00,6.0,0,Normal,"1-14, idle<=90",2026-08
725341865609478,3304857484,8,2026-07-28 21:00:00,3.0,0,Normal,"1-14, idle<=90",2026-08
731181090863362,3304894571,13,2026-07-27 10:30:00,4.0,0,Normal,"1-14, idle<=90",2026-08
728377709089026,3304947743,10,2026-07-29 21:00:00,2.0,0,Normal,"1-14, idle<=90",2026-08
746594200045830,3304951795,6,2026-07-28 10:00:00,3.0,0,Normal,"1-14, idle<=90",2026-08
724625745033472,3304971336,5,2026-07-28 20:30:00,3.0,0,Normal,"1-14, idle<=90",2026-08
748164703553800,3305095020,14,2026-07-26 22:00:00,5.0,0,Normal,"1-14, idle<=90",2026-08
726390842550534,3305096518,8,2026-07-28 21:30:00,3.0,0,Normal,"1-14, idle<=90",2026-08
725199971574024,3305100044,11,2026-07-29 20:30:00,2.0,0,Normal,"1-14, idle<=90",2026-08
725680928526600,3305106440,14,2026-07-28 22:00:00,3.0,0,Normal,"1-14, idle<=90",2026-08
733993325945094,3305116711,13,2026-07-29 21:00:00,2.0,0,Normal,"1-14, idle<=90",2026-08
731731971877126,3305126120,14,2026-07-29 20:30:00,2.0,0,Normal,"1-14, idle<=90",2026-08
725153070125316,3305186427,7,2026-07-28 22:30:00,3.0,0,Normal,"1-14, idle<=90",2026-08
725710218320134,3305196392,10,2026-07-27 22:00:00,4.0,0,Normal,"1-14, idle<=90",2026-08
725711627671810,3305224218,11,2026-07-29 19:30:00,2.0,0,Normal,"1-14, idle<=90",2026-08
726901649758466,3305250650,10,2026-07-28 21:00:00,3.0,0,Normal,"1-14, idle<=90",2026-08
751955942875398,3305375228,13,2026-07-26 20:30:00,5.0,0,Normal,"1-14, idle<=90",2026-08
727857559386376,3305381967,10,2026-07-20 19:30:00,11.0,0,Normal,"1-14, idle<=90",2026-08
732123631751426,3305383557,7,2026-07-28 21:00:00,3.0,0,Normal,"1-14, idle<=90",2026-08
726446732058886,3305385719,11,2026-07-27 18:00:00,4.0,0,Normal,"1-14, idle<=90",2026-08
732781097095432,3305422700,14,2026-07-24 21:00:00,7.0,0,Normal,"1-14, idle<=90",2026-08
727671106611462,3305452079,12,2026-07-29 22:30:00,2.0,0,Normal,"1-14, idle<=90",2026-08
726257194402056,3305457881,9,2026-07-25 11:30:00,6.0,0,Normal,"1-14, idle<=90",2026-08
727002362618120,3305464856,13,2026-07-29 19:30:00,2.0,0,Normal,"1-14, idle<=90",2026-08
726562423644418,3305578022,12,2026-07-27 16:30:00,4.0,0,Normal,"1-14, idle<=90",2026-08
728732315404552,3305595475,11,2026-07-26 10:30:00,5.0,0,Normal,"1-14, idle<=90",2026-08
731565052489986,3305711632,12,2026-07-27 21:30:00,4.0,0,Normal,"1-14, idle<=90",2026-08
731171209421062,3305720957,7,2026-07-29 11:30:00,2.0,0,Normal,"1-14, idle<=90",2026-08
748692569954568,3305728008,10,2026-07-28 23:00:00,3.0,0,Normal,"1-14, idle<=90",2026-08
734711793080578,3305728855,13,2026-07-26 10:30:00,5.0,0,Normal,"1-14, idle<=90",2026-08
731514481549576,3305737319,10,2026-07-28 20:30:00,3.0,0,Normal,"1-14, idle<=90",2026-08
727677963667720,3305776560,10,2026-07-29 00:00:00,3.0,0,Normal,"1-14, idle<=90",2026-08
727492738988294,3305778285,9,2026-07-28 21:30:00,3.0,0,Normal,"1-14, idle<=90",2026-08
732262989238536,3305842072,11,2026-07-28 20:00:00,3.0,0,Normal,"1-14, idle<=90",2026-08
727666437249288,3305852021,12,2026-07-24 20:00:00,7.0,0,Normal,"1-14, idle<=90",2026-08
750305432289542,3305852120,12,2026-07-29 11:30:00,2.0,0,Normal,"1-14, idle<=90",2026-08
750143872606472,3305863666,12,2026-07-25 21:30:00,6.0,0,Normal,"1-14, idle<=90",2026-08
740715968233736,3305872090,8,2026-07-29 21:30:00,2.0,0,Normal,"1-14, idle<=90",2026-08
744084973406470,3305889035,11,2026-07-26 16:00:00,5.0,0,Normal,"1-14, idle<=90",2026-08
727483428798722,3305925965,7,2026-07-29 19:00:00,2.0,0,Normal,"1-14, idle<=90",2026-08
727492086616328,3305932007,9,2026-07-29 19:00:00,2.0,0,Normal,"1-14, idle<=90",2026-08
728736103450886,3305938452,10,2026-07-29 11:30:00,2.0,0,Normal,"1-14, idle<=90",2026-08
727182108809480,3305942287,9,2026-07-26 10:00:00,5.0,0,Normal,"1-14, idle<=90",2026-08
731382516029704,3305987470,13,2026-07-23 21:30:00,8.0,0,Normal,"1-14, idle<=90",2026-08
728546244213000,3306005047,8,2026-07-29 23:00:00,2.0,0,Normal,"1-14, idle<=90",2026-08
741647250698498,3306006685,12,2026-07-12 15:00:00,19.0,1,Frozen,"1-14, idle<=90",2026-08
728390447986950,3306033417,10,2026-07-28 15:30:00,3.0,0,Normal,"1-14, idle<=90",2026-08
728421807538438,3306057296,10,2026-07-28 15:00:00,3.0,0,Normal,"1-14, idle<=90",2026-08
748693225752834,3306074301,10,2026-07-23 21:30:00,8.0,0,Normal,"1-14, idle<=90",2026-08
728025831354630,3306105182,14,2026-07-29 15:00:00,2.0,0,Normal,"1-14, idle<=90",2026-08
729079906265346,3306105577,4,2026-07-29 21:00:00,2.0,0,Normal,"1-14, idle<=90",2026-08
728164774037766,3306142822,7,2026-07-28 20:30:00,3.0,0,Normal,"1-14, idle<=90",2026-08
728332748017926,3306235836,6,2026-07-28 18:00:00,3.0,0,Normal,"1-14, idle<=90",2026-08
729072981979400,3306238607,9,2026-07-29 09:00:00,2.0,0,Normal,"1-14, idle<=90",2026-08
728695636769026,3306287438,11,2026-07-25 20:00:00,6.0,0,Normal,"1-14, idle<=90",2026-08
732152896946440,3306356017,11,2026-07-28 18:30:00,3.0,0,Normal,"1-14, idle<=90",2026-08
731921264654594,3306362792,10,2026-07-27 19:00:00,4.0,0,Normal,"1-14, idle<=90",2026-08
731518587115778,3306397589,10,2026-07-28 21:30:00,3.0,0,Normal,"1-14, idle<=90",2026-08
728861141231880,3306469569,14,2026-07-04 02:30:00,27.0,1,Frozen,"1-14, idle<=90",2026-08
731353391728898,3306470801,8,2026-07-28 21:00:00,3.0,0,Normal,"1-14, idle<=90",2026-08
731356631963906,3306472706,11,2026-07-28 21:30:00,3.0,0,Normal,"1-14, idle<=90",2026-08
730190384140550,3306478561,14,2026-07-26 16:30:00,5.0,0,Normal,"1-14, idle<=90",2026-08
729222571395334,3306497900,10,2026-07-29 18:00:00,2.0,0,Normal,"1-14, idle<=90",2026-08
729077728502022,3306544065,7,2026-07-28 19:30:00,3.0,0,Normal,"1-14, idle<=90",2026-08
732580368232712,3306552845,14,2026-07-29 18:00:00,2.0,0,Normal,"1-14, idle<=90",2026-08
731340874234118,3306562000,13,2026-07-25 16:30:00,6.0,0,Normal,"1-14, idle<=90",2026-08
729619034710280,3306593943,7,2026-07-27 16:00:00,4.0,0,Normal,"1-14, idle<=90",2026-08
731693663193346,3306654358,12,2026-07-29 18:30:00,2.0,0,Normal,"1-14, idle<=90",2026-08
731590921910534,3306677366,9,2026-07-28 21:00:00,3.0,0,Normal,"1-14, idle<=90",2026-08
731726543763718,3306716036,10,2026-07-28 17:30:00,3.0,0,Normal,"1-14, idle<=90",2026-08
731516263596296,3306740494,14,2026-07-27 18:00:00,4.0,0,Normal,"1-14, idle<=90",2026-08
732049913907464,3306757053,7,2026-07-29 18:30:00,2.0,0,Normal,"1-14, idle<=90",2026-08
730112344697090,3306790434,14,2026-07-25 00:00:00,7.0,0,Normal,"1-14, idle<=90",2026-08
732147511613702,3306800083,8,2026-07-26 19:30:00,5.0,0,Normal,"1-14, idle<=90",2026-08
731701013049606,3306840141,13,2026-07-22 19:00:00,9.0,0,Normal,"1-14, idle<=90",2026-08
731341393199366,3306842323,9,2026-07-29 20:30:00,2.0,0,Normal,"1-14, idle<=90",2026-08
731922618564870,3306851703,8,2026-07-27 19:30:00,4.0,0,Normal,"1-14, idle<=90",2026-08
731393127932168,3306873334,8,2026-07-26 09:00:00,5.0,0,Normal,"1-14, idle<=90",2026-08
732966596563202,3306906464,14,2026-07-28 20:30:00,3.0,0,Normal,"1-14, idle<=90",2026-08
731516017381634,3306940923,11,2026-07-29 18:30:00,2.0,0,Normal,"1-14, idle<=90",2026-08
731774405101826,3306940933,8,2026-07-28 19:00:00,3.0,0,Normal,"1-14, idle<=90",2026-08
732048307319042,3306979953,4,2026-07-29 19:00:00,2.0,0,Normal,"1-14, idle<=90",2026-08
731922921091334,3307006817,14,2026-07-13 18:00:00,18.0,0,Normal,"1-14, idle<=90",2026-08
733128808081666,3307016414,11,2026-07-29 21:30:00,2.0,0,Normal,"1-14, idle<=90",2026-08
743739842922754,3307038209,13,2026-07-28 21:00:00,3.0,0,Normal,"1-14, idle<=90",2026-08
731353584830728,3307039223,7,2026-07-26 11:00:00,5.0,0,Normal,"1-14, idle<=90",2026-08
746910137235714,3307050216,14,2026-07-29 16:00:00,2.0,0,Normal,"1-14, idle<=90",2026-08
731701283068168,3307089701,12,2026-07-29 20:00:00,2.0,0,Normal,"1-14, idle<=90",2026-08
732759734761736,3307113917,11,2026-07-27 22:00:00,4.0,0,Normal,"1-14, idle<=90",2026-08
731557902145800,3307113967,7,2026-07-29 10:00:00,2.0,0,Normal,"1-14, idle<=90",2026-08
732067595499778,3307115067,13,2026-07-29 18:30:00,2.0,0,Normal,"1-14, idle<=90",2026-08
732580791642376,3307126008,9,2026-07-28 20:30:00,3.0,0,Normal,"1-14, idle<=90",2026-08
731906663966984,3307130023,14,2026-07-26 22:00:00,5.0,0,Normal,"1-14, idle<=90",2026-08
731904685650182,3307166466,9,2026-07-28 21:00:00,3.0,0,Normal,"1-14, idle<=90",2026-08
731868644157702,3307168445,14,2026-07-25 20:30:00,6.0,0,Normal,"1-14, idle<=90",2026-08
732765549052162,3307174602,10,2026-07-29 22:00:00,2.0,0,Normal,"1-14, idle<=90",2026-08
732099293995270,3307181182,13,2026-07-25 15:00:00,6.0,0,Normal,"1-14, idle<=90",2026-08
732804988600582,3307212516,10,2026-07-28 20:30:00,3.0,0,Normal,"1-14, idle<=90",2026-08
733161331755270,3307215319,10,2026-07-29 19:00:00,2.0,0,Normal,"1-14, idle<=90",2026-08
733890789277960,3307216785,12,2026-07-27 22:30:00,4.0,0,Normal,"1-14, idle<=90",2026-08
732460246354182,3307218686,11,2026-07-28 21:00:00,3.0,0,Normal,"1-14, idle<=90",2026-08
737422282725638,3307232031,14,2026-07-28 21:00:00,3.0,0,Normal,"1-14, idle<=90",2026-08
732048097736966,3307232140,2,2026-07-28 21:30:00,3.0,0,Normal,"1-14, idle<=90",2026-08
732804151539976,3307260592,13,2026-07-27 20:30:00,4.0,0,Normal,"1-14, idle<=90",2026-08
746918887774472,3307280243,6,2026-07-28 21:30:00,3.0,0,Normal,"1-14, idle<=90",2026-08
732106795217160,3307283461,8,2026-07-28 18:30:00,3.0,0,Normal,"1-14, idle<=90",2026-08
733647407870210,3307305760,12,2026-07-28 18:00:00,3.0,0,Normal,"1-14, idle<=90",2026-08
732933037306114,3307345268,13,2026-07-28 22:00:00,3.0,0,Normal,"1-14, idle<=90",2026-08
748730134124802,3307376955,12,2026-07-25 20:30:00,6.0,0,Normal,"1-14, idle<=90",2026-08
746797502048518,3307389514,9,2026-07-24 21:30:00,7.0,0,Normal,"1-14, idle<=90",2026-08
733997621694726,3307430132,13,2026-07-28 21:00:00,3.0,0,Normal,"1-14, idle<=90",2026-08
732946180608264,3307434567,9,2026-07-29 16:00:00,2.0,0,Normal,"1-14, idle<=90",2026-08
732817582027010,3307443002,7,2026-07-29 21:30:00,2.0,0,Normal,"1-14, idle<=90",2026-08
733643853367558,3307446251,13,2026-07-28 19:30:00,3.0,0,Normal,"1-14, idle<=90",2026-08
732930476263682,3307472680,10,2026-07-27 15:30:00,4.0,0,Normal,"1-14, idle<=90",2026-08
734233685238018,3307480761,14,2026-07-28 22:00:00,3.0,0,Normal,"1-14, idle<=90",2026-08
733830627121416,3307482734,14,2026-07-26 22:00:00,5.0,0,Normal,"1-14, idle<=90",2026-08
732616318576904,3307494782,5,2026-07-25 19:30:00,6.0,0,Normal,"1-14, idle<=90",2026-08
733316840368386,3307545894,11,2026-07-28 21:00:00,3.0,0,Normal,"1-14, idle<=90",2026-08
732966035296520,3307547836,7,2026-07-28 10:00:00,3.0,0,Normal,"1-14, idle<=90",2026-08
733656383258886,3307573307,12,2026-07-29 21:00:00,2.0,0,Normal,"1-14, idle<=90",2026-08
733646644994310,3307585895,2,2026-07-29 21:00:00,2.0,0,Normal,"1-14, idle<=90",2026-08
750663117375752,3307589940,14,2026-07-29 15:00:00,2.0,0,Normal,"1-14, idle<=90",2026-08
733996805984518,3307600687,13,2026-07-29 20:00:00,2.0,0,Normal,"1-14, idle<=90",2026-08
733637542052098,3307640270,10,2026-07-28 12:00:00,3.0,0,Normal,"1-14, idle<=90",2026-08
734353218859266,3307640866,6,2026-07-29 18:30:00,2.0,0,Normal,"1-14, idle<=90",2026-08
733997834150152,3307642181,14,2026-07-26 10:00:00,5.0,0,Normal,"1-14, idle<=90",2026-08
733659200672002,3307683649,14,2026-07-25 19:00:00,6.0,0,Normal,"1-14, idle<=90",2026-08
733902508869896,3307749728,13,2026-07-29 21:30:00,2.0,0,Normal,"1-14, idle<=90",2026-08
748153096536326,3307778687,10,2026-07-29 21:00:00,2.0,0,Normal,"1-14, idle<=90",2026-08
734347388506374,3307834921,13,2026-07-27 20:00:00,4.0,0,Normal,"1-14, idle<=90",2026-08
733882352052482,3307835373,11,2026-07-27 22:00:00,4.0,0,Normal,"1-14, idle<=90",2026-08
734232580393218,3308461093,14,2026-07-29 20:00:00,2.0,0,Normal,"1-14, idle<=90",2026-08
734927235682566,3308496868,14,2026-07-29 21:00:00,2.0,0,Normal,"1-14, idle<=90",2026-08
734442387976450,3308502093,14,2026-07-29 12:00:00,2.0,0,Normal,"1-14, idle<=90",2026-08
734541300953346,3308512107,10,2026-07-29 19:30:00,2.0,0,Normal,"1-14, idle<=90",2026-08
747663282770182,3308517227,7,2026-07-29 20:30:00,2.0,0,Normal,"1-14, idle<=90",2026-08
749989628956934,3308578104,12,2026-07-29 21:00:00,2.0,0,Normal,"1-14, idle<=90",2026-08
734354516424968,3308643794,7,2026-07-29 19:00:00,2.0,0,Normal,"1-14, idle<=90",2026-08
736359718457608,3308873921,11,2026-07-27 14:30:00,4.0,0,Normal,"1-14, idle<=90",2026-08
735622548435202,3308987403,11,2026-07-28 21:30:00,3.0,0,Normal,"1-14, idle<=90",2026-08
738103548651778,3309001182,8,2026-07-28 18:00:00,3.0,0,Normal,"1-14, idle<=90",2026-08
746435003769094,3309104035,9,2026-07-26 12:00:00,5.0,0,Normal,"1-14, idle<=90",2026-08
737395916497158,3309120790,13,2026-07-28 20:30:00,3.0,0,Normal,"1-14, idle<=90",2026-08
748732351707398,3309200619,5,2026-07-27 20:00:00,4.0,0,Normal,"1-14, idle<=90",2026-08
752582435672328,3309246844,14,2026-07-28 21:00:00,3.0,0,Normal,"1-14, idle<=90",2026-08
737395624444162,3309295065,8,2026-07-29 21:00:00,2.0,0,Normal,"1-14, idle<=90",2026-08
748537195127042,3309366478,10,2026-07-23 10:00:00,8.0,0,Normal,"1-14, idle<=90",2026-08
739533189726466,3309433588,13,2026-07-28 21:00:00,3.0,0,Normal,"1-14, idle<=90",2026-08
738598052911368,3309500628,14,2026-07-29 20:30:00,2.0,0,Normal,"1-14, idle<=90",2026-08
737928998095106,3309604130,8,2026-07-27 20:00:00,4.0,0,Normal,"1-14, idle<=90",2026-08
746785211232514,3309625545,8,2026-07-28 16:30:00,3.0,0,Normal,"1-14, idle<=90",2026-08
751334513910018,3309651738,13,2026-07-28 20:30:00,3.0,0,Normal,"1-14, idle<=90",2026-08
738843827130632,3309883749,13,2026-07-29 21:00:00,2.0,0,Normal,"1-14, idle<=90",2026-08
746038243512582,3309886077,9,2026-07-26 15:00:00,5.0,0,Normal,"1-14, idle<=90",2026-08
741127573455110,3309965922,3,2026-07-26 22:00:00,5.0,0,Normal,"1-14, idle<=90",2026-08
749268729678082,3310127653,10,2026-07-27 20:00:00,4.0,0,Normal,"1-14, idle<=90",2026-08
741285297504514,3310191634,12,2026-07-29 20:00:00,2.0,0,Normal,"1-14, idle<=90",2026-08
749036906676482,3310292319,7,2026-07-22 20:30:00,9.0,0,Normal,"1-14, idle<=90",2026-08
741838671702278,3310471906,14,2026-07-29 22:30:00,2.0,0,Normal,"1-14, idle<=90",2026-08
749605853100290,3310584014,14,2026-07-25 18:00:00,6.0,0,Normal,"1-14, idle<=90",2026-08
742890965184774,3310750398,2,2026-07-29 21:00:00,2.0,0,Normal,"1-14, idle<=90",2026-08
748694864998664,3311022904,11,2026-07-29 21:00:00,2.0,0,Normal,"1-14, idle<=90",2026-08
747277392705794,3311023905,11,2026-07-27 21:00:00,4.0,0,Normal,"1-14, idle<=90",2026-08
746375590617346,3311026002,8,2026-07-23 20:30:00,8.0,0,Normal,"1-14, idle<=90",2026-08
747269723025666,3311044261,7,2026-07-28 19:00:00,3.0,0,Normal,"1-14, idle<=90",2026-08
746562957639942,3311052568,7,2026-07-29 11:00:00,2.0,0,Normal,"1-14, idle<=90",2026-08
749744684050694,3311059412,4,2026-07-28 15:30:00,3.0,0,Normal,"1-14, idle<=90",2026-08
748538738008322,3311107757,13,2026-07-29 11:00:00,2.0,0,Normal,"1-14, idle<=90",2026-08
744135276812546,3311109861,9,2026-07-23 20:30:00,8.0,0,Normal,"1-14, idle<=90",2026-08
746263617487112,3311137283,7,2026-07-28 11:00:00,3.0,0,Normal,"1-14, idle<=90",2026-08
749567285043464,3311235114,5,2026-07-29 21:00:00,2.0,0,Normal,"1-14, idle<=90",2026-08
748162367643912,3311265086,9,2026-07-28 19:30:00,3.0,0,Normal,"1-14, idle<=90",2026-08
746028796795144,3311304271,6,2026-07-29 21:30:00,2.0,0,Normal,"1-14, idle<=90",2026-08
748864788685064,3311310971,9,2026-07-28 18:30:00,3.0,0,Normal,"1-14, idle<=90",2026-08
745731296833794,3311356153,14,2026-07-25 23:30:00,6.0,0,Normal,"1-14, idle<=90",2026-08
746420577560834,3311534830,13,2026-07-23 21:00:00,8.0,0,Normal,"1-14, idle<=90",2026-08
746239273134342,3311543009,14,2026-07-29 21:00:00,2.0,0,Normal,"1-14, idle<=90",2026-08
746064006465798,3311544587,10,2026-07-27 22:00:00,4.0,0,Normal,"1-14, idle<=90",2026-08
746239527805190,3311555589,10,2026-07-29 21:00:00,2.0,0,Normal,"1-14, idle<=90",2026-08
747666343069960,3311572089,8,2026-07-28 21:00:00,3.0,0,Normal,"1-14, idle<=90",2026-08
747635732492552,3311605431,7,2026-07-24 10:00:00,7.0,0,Normal,"1-14, idle<=90",2026-08
746385021356294,3311671955,9,2026-07-09 21:00:00,22.0,0,Normal,"1-14, idle<=90",2026-08
746917928726786,3311683861,6,2026-07-29 21:00:00,2.0,0,Normal,"1-14, idle<=90",2026-08
747264574796038,3311696395,8,2026-07-26 15:00:00,5.0,0,Normal,"1-14, idle<=90",2026-08
749779376460040,3311721769,2,2026-07-28 16:30:00,3.0,0,Normal,"1-14, idle<=90",2026-08
746577007595782,3311728074,14,2026-07-29 12:30:00,2.0,0,Normal,"1-14, idle<=90",2026-08
754181707407618,3311731020,12,2026-07-29 15:00:00,2.0,0,Normal,"1-14, idle<=90",2026-08
747320587802882,3311785056,6,2026-07-29 21:30:00,2.0,0,Normal,"1-14, idle<=90",2026-08
746795021283590,3311803674,5,2026-07-29 12:00:00,2.0,0,Normal,"1-14, idle<=90",2026-08
748857563668738,3311806669,14,2026-07-28 21:30:00,3.0,0,Normal,"1-14, idle<=90",2026-08
747176529998082,3311850607,5,2026-07-28 21:00:00,3.0,0,Normal,"1-14, idle<=90",2026-08
746920023040258,3311874241,10,2026-07-26 18:00:00,5.0,0,Normal,"1-14, idle<=90",2026-08
748034924814594,3311939437,10,2026-07-26 20:30:00,5.0,0,Normal,"1-14, idle<=90",2026-08
750452984434952,3311952051,8,2026-07-28 21:00:00,3.0,0,Normal,"1-14, idle<=90",2026-08
749792946397442,3312006640,10,2026-07-29 18:30:00,2.0,0,Normal,"1-14, idle<=90",2026-08
747989576626434,3312006651,8,2026-07-29 14:00:00,2.0,0,Normal,"1-14, idle<=90",2026-08
747989687218440,3312014154,8,2026-07-29 15:00:00,2.0,0,Normal,"1-14, idle<=90",2026-08
749990857937160,3312050543,14,2026-07-25 20:30:00,6.0,0,Normal,"1-14, idle<=90",2026-08
749654941614338,3312067350,12,2026-07-29 21:30:00,2.0,0,Normal,"1-14, idle<=90",2026-08
748214425272578,3312078965,6,2026-07-27 20:30:00,4.0,0,Normal,"1-14, idle<=90",2026-08
748687408070920,3312132356,9,2026-07-27 14:00:00,4.0,0,Normal,"1-14, idle<=90",2026-08
749070808314114,3312145593,10,2026-07-29 11:00:00,2.0,0,Normal,"1-14, idle<=90",2026-08
748510277902600,3312156296,8,2026-07-28 20:30:00,3.0,0,Normal,"1-14, idle<=90",2026-08
748725211881734,3312168441,11,2026-07-29 22:00:00,2.0,0,Normal,"1-14, idle<=90",2026-08
748904429941000,3312196312,10,2026-07-29 21:30:00,2.0,0,Normal,"1-14, idle<=90",2026-08
749207498096902,3312208954,10,2026-07-28 18:30:00,3.0,0,Normal,"1-14, idle<=90",2026-08
750493897433352,3312241659,12,2026-07-27 20:00:00,4.0,0,Normal,"1-14, idle<=90",2026-08
748912170340610,3312255608,12,2026-07-29 16:00:00,2.0,0,Normal,"1-14, idle<=90",2026-08
749051127535878,3312263034,13,2026-07-29 21:00:00,2.0,0,Normal,"1-14, idle<=90",2026-08
749267746222344,3312263073,11,2026-07-26 17:00:00,5.0,0,Normal,"1-14, idle<=90",2026-08
749269099643138,3312266413,7,2026-07-22 21:00:00,9.0,0,Normal,"1-14, idle<=90",2026-08
751693189515522,3312267913,14,2026-07-29 21:00:00,2.0,0,Normal,"1-14, idle<=90",2026-08
748912811276546,3312283642,5,2026-07-29 11:30:00,2.0,0,Normal,"1-14, idle<=90",2026-08
749205784877314,3312283734,9,2026-07-25 21:00:00,6.0,0,Normal,"1-14, idle<=90",2026-08
749206700527880,3312291075,12,2026-07-29 10:30:00,2.0,0,Normal,"1-14, idle<=90",2026-08
749748764096776,3312316096,3,2026-07-28 16:00:00,3.0,0,Normal,"1-14, idle<=90",2026-08
749805547284744,3312365255,3,2026-07-28 09:30:00,3.0,0,Normal,"1-14, idle<=90",2026-08
749206993926402,3312389269,10,2026-07-29 17:00:00,2.0,0,Normal,"1-14, idle<=90",2026-08
748948727765250,3312389327,11,2026-07-28 21:00:00,3.0,0,Normal,"1-14, idle<=90",2026-08
750637043972358,3312409904,13,2026-07-29 18:30:00,2.0,0,Normal,"1-14, idle<=90",2026-08
750128681378056,3312444708,1,2026-07-29 17:00:00,2.0,0,Normal,"1-14, idle<=90",2026-08
749970735362312,3312453543,11,2026-07-28 10:00:00,3.0,0,Normal,"1-14, idle<=90",2026-08
750785617363206,3312503422,7,2026-07-29 15:00:00,2.0,0,Normal,"1-14, idle<=90",2026-08
750140121149704,3312504089,10,2026-07-29 11:00:00,2.0,0,Normal,"1-14, idle<=90",2026-08
751397337639170,3312621265,13,2026-07-25 20:30:00,6.0,0,Normal,"1-14, idle<=90",2026-08
750493389949186,3312634300,12,2026-07-29 19:30:00,2.0,0,Normal,"1-14, idle<=90",2026-08
750153112811778,3312643983,9,2026-07-29 22:00:00,2.0,0,Normal,"1-14, idle<=90",2026-08
750451714339078,3312674209,13,2026-07-20 17:00:00,11.0,0,Normal,"1-14, idle<=90",2026-08
749991354624258,3312685064,7,2026-07-29 14:30:00,2.0,0,Normal,"1-14, idle<=90",2026-08
751727579195650,3312697034,13,2026-07-25 18:00:00,6.0,0,Normal,"1-14, idle<=90",2026-08
750661785041160,3312697073,6,2026-07-28 10:30:00,3.0,0,Normal,"1-14, idle<=90",2026-08
750278829658376,3312713579,11,2026-07-28 16:00:00,3.0,0,Normal,"1-14, idle<=90",2026-08
750280146565378,3312787912,7,2026-07-29 10:30:00,2.0,0,Normal,"1-14, idle<=90",2026-08
751016282751240,3312838115,13,2026-07-28 01:00:00,3.0,0,Normal,"1-14, idle<=90",2026-08
751605120045320,3312845037,11,2026-07-28 21:00:00,3.0,0,Normal,"1-14, idle<=90",2026-08
751380676522246,3312939461,12,2026-07-28 16:00:00,3.0,0,Normal,"1-14, idle<=90",2026-08
751726757994754,3312954300,14,2026-07-28 21:00:00,3.0,0,Normal,"1-14, idle<=90",2026-08
752119623848194,3313148254,10,2026-07-28 18:00:00,3.0,0,Normal,"1-14, idle<=90",2026-08
751748280398082,3313172460,12,2026-07-28 20:30:00,3.0,0,Normal,"1-14, idle<=90",2026-08
752820050659590,3313184212,11,2026-07-29 21:00:00,2.0,0,Normal,"1-14, idle<=90",2026-08
752580455037192,3313242508,14,2026-07-29 21:00:00,2.0,0,Normal,"1-14, idle<=90",2026-08
752444451010824,3313248061,5,2026-07-29 11:00:00,2.0,0,Normal,"1-14, idle<=90",2026-08
752966082949384,3313409714,12,2026-07-28 20:00:00,3.0,0,Normal,"1-14, idle<=90",2026-08
753685128063234,3313652526,6,2026-07-29 11:30:00,2.0,0,Normal,"1-14, idle<=90",2026-08
753688574531842,3313700785,13,2026-07-29 20:30:00,2.0,0,Normal,"1-14, idle<=90",2026-08
756202290950406,3313735666,7,2026-07-29 10:00:00,2.0,0,Normal,"1-14, idle<=90",2026-08
754759633318150,3314063625,9,2026-07-29 10:00:00,2.0,0,Normal,"1-14, idle<=90",2026-08
